country,year,gayright_index
United States,1973,0.1614970748
United States,1974,0.170256185575
United States,1975,0.1800258928
United States,1976,0.187118269225
United States,1977,0.17316262885
United States,1978,0.1761470517
United States,1979,0.1762373018
United States,1980,0.174684354175
United States,1981,0.14569500575
United States,1982,0.171218774325
United States,1983,0.178612084325
United States,1984,0.179261569825
United States,1985,0.162552416425
United States,1986,0.14418694645
United States,1987,0.154472785225
United States,1988,0.167604597
United States,1989,0.203012955
United States,1990,0.203660613
United States,1991,0.2197141215
United States,1992,0.24711444925
United States,1993,0.27597808149999997
United States,1994,0.275201189
United States,1995,0.3009192765
United States,1996,0.326572969
United States,1997,0.346912481
United States,1998,0.3227815405
United States,1999,0.3787331
United States,2000,0.32638879675
United States,2001,0.34544486
United States,2002,0.36182419575
United States,2003,0.358559799
United States,2004,0.35663255675
United States,2005,0.394041769
United States,2006,0.42182409
United States,2007,0.436060941
United States,2008,0.43906263
United States,2009,0.463079921
United States,2010,0.514247083
United States,2011,0.531322815
United States,2012,0.56150842125
United States,2013,0.6007691935
United States,2014,0.61558993875
United States,2015,0.65312271675
United States,2016,0.64491962175
United States,2017,0.644699902
United States,2018,0.717966937
United States,2019,0.6678931785
United States,2020,0.736629835
United States,2021,0.77393491325
United States,2022,0.750697912
United States,2023,0.6480559125
United Kingdom,1977,0.30017101265
United Kingdom,1978,0.2984794703
United Kingdom,1979,0.296809300225
United Kingdom,1980,0.293236594375
United Kingdom,1981,0.2873405995
United Kingdom,1982,0.29469332575
United Kingdom,1983,0.29519156425
United Kingdom,1984,0.287279851
United Kingdom,1985,0.2614730015
United Kingdom,1986,0.28461654825
United Kingdom,1987,0.24523610975
United Kingdom,1988,0.2519948075
United Kingdom,1989,0.2793998575
United Kingdom,1990,0.311320348
United Kingdom,1991,0.3354091675
United Kingdom,1992,0.331393695
United Kingdom,1993,0.32399022675
United Kingdom,1994,0.35958994475
United Kingdom,1995,0.39581128675
United Kingdom,1996,0.424048782
United Kingdom,1997,0.433399023
United Kingdom,1998,0.4838254715
United Kingdom,1999,0.4678194735
United Kingdom,2000,0.498527503
United Kingdom,2001,0.559597422
United Kingdom,2002,0.5854600625
United Kingdom,2003,0.54377589225
United Kingdom,2004,0.54586010275
United Kingdom,2005,0.5716534145
United Kingdom,2006,0.55377445475
United Kingdom,2007,0.591279835
United Kingdom,2008,0.60003103025
United Kingdom,2009,0.591470991
United Kingdom,2010,0.65192582625
United Kingdom,2011,0.68283560175
United Kingdom,2012,0.65868934775
United Kingdom,2013,0.7084248935
United Kingdom,2014,0.724386368
United Kingdom,2015,0.7638865555
United Kingdom,2016,0.790110951
United Kingdom,2017,0.77995961425
United Kingdom,2018,0.7902262825
United Kingdom,2019,0.82263384925
United Kingdom,2020,0.844694028
United Kingdom,2021,0.8701237465
Germany,1981,0.3410903155
Germany,1982,0.321652704
Germany,1983,0.29845271475
Germany,1984,0.27622211825
Germany,1985,0.27041578455
Germany,1986,0.261981867875
Germany,1987,0.253142486675
Germany,1988,0.24020233775
Germany,1989,0.3759240715
Germany,1990,0.53201153
Germany,1991,0.5281341985
Germany,1992,0.44377570625
Germany,1993,0.36304339625
Germany,1994,0.4524111535
Germany,1995,0.5547240395
Germany,1996,0.651769457
Germany,1997,0.739625591
Germany,1998,0.578791038
Germany,1999,0.64298175125
Germany,2000,0.66288165525
Germany,2001,0.4847907535
Germany,2002,0.521556684
Germany,2003,0.55735659525
Germany,2004,0.5670082275
Germany,2005,0.61854940475
Germany,2006,0.6710863935
Germany,2007,0.6556442115
Germany,2008,0.67752959075
Germany,2009,0.6654449085
Germany,2010,0.682983988
Germany,2011,0.68867444175
Germany,2012,0.70017220075
Germany,2013,0.703922156
Germany,2014,0.70487950625
Germany,2015,0.68579067825
Germany,2016,0.8013215955
Germany,2017,0.83830715325
Germany,2018,0.85551111875
Germany,2019,0.813781691
Sweden,1982,0.22555373825
Sweden,1983,0.23304575325
Sweden,1984,0.239436645325
Sweden,1985,0.245552491925
Sweden,1986,0.249304086575
Sweden,1987,0.250864150675
Sweden,1988,0.252999551925
Sweden,1989,0.254050570575
Sweden,1990,0.25272876774999997
Sweden,1991,0.283891697
Sweden,1992,0.316327685175
Sweden,1993,0.34826955775
Sweden,1994,0.37824219575
Sweden,1995,0.47967508525
Sweden,1996,0.58165705075
Sweden,1997,0.58605655025
Sweden,1998,0.5918587435
Sweden,1999,0.60018321325
Sweden,2000,0.46729605
Sweden,2001,0.59272998675
Sweden,2002,0.635750919
Sweden,2003,0.64902421525
Sweden,2004,0.665703766
Sweden,2005,0.70371321725
Sweden,2006,0.74251149575
Sweden,2007,0.7408253405
Sweden,2008,0.78456135225
Sweden,2009,0.81696171575
Sweden,2010,0.82717031175
Sweden,2011,0.8002555955
Sweden,2012,0.8164889085
Sweden,2013,0.88107432
Sweden,2014,0.88111983875
Sweden,2015,0.8801169615
Sweden,2016,0.8877373595
Sweden,2017,0.9047589415
Sweden,2018,0.884757637
Sweden,2019,0.87810393925
Poland,1989,0.097138904675
Poland,1990,0.10956058315
Poland,1991,0.20512857975
Poland,1992,0.23385562125
Poland,1993,0.22059647875
Poland,1994,0.174903834175
Poland,1995,0.176289852025
Poland,1996,0.174876883525
Poland,1997,0.1706146957
Poland,1998,0.181805843025
Poland,1999,0.18880719675
Poland,2000,0.19949412305
Poland,2001,0.213668721
Poland,2002,0.22449134575
Poland,2003,0.209287710775
Poland,2004,0.1898879035
Poland,2005,0.23249827625
Poland,2006,0.174652633
Poland,2007,0.26066718275
Poland,2008,0.2723915265
Poland,2009,0.24027719
Poland,2010,0.2534580045
Poland,2011,0.217721527
Poland,2012,0.2624548885
Poland,2013,0.25277727725
Poland,2014,0.2336862795
Poland,2015,0.23959165825
Poland,2016,0.325829689
Poland,2017,0.294469302
Poland,2018,0.312357442
Poland,2019,0.32593342975
Poland,2020,0.35622465025
Poland,2021,0.3849333475
Poland,2022,0.41429199275
Spain,1981,0.25141958275
Spain,1982,0.267546385125
Spain,1983,0.28205329625
Spain,1984,0.294441322925
Spain,1985,0.309310038425
Spain,1986,0.323338148475
Spain,1987,0.33662049442499997
Spain,1988,0.34879344555
Spain,1989,0.36024785725
Spain,1990,0.37136800425
Spain,1991,0.421806855
Spain,1992,0.46987588025
Spain,1993,0.5211246695
Spain,1994,0.50897424125
Spain,1995,0.613426171
Spain,1996,0.6128039025
Spain,1997,0.61225908275
Spain,1998,0.61328051975
Spain,1999,0.63084714625
Spain,2000,0.6976069955
Spain,2001,0.64951209075
Spain,2002,0.67257274925
Spain,2003,0.6264927085
Spain,2004,0.580612719
Spain,2005,0.59827057475
Spain,2006,0.61839319475
Spain,2007,0.74394078125
Spain,2008,0.70797158625
Spain,2009,0.65877743675
Spain,2010,0.72001188025
Spain,2011,0.7784089275
Spain,2012,0.72943577725
Spain,2013,0.80512900625
Spain,2014,0.80046929125
Spain,2015,0.8357596635
Spain,2016,0.82116638925
Spain,2017,0.8113573675
Spain,2018,0.82363250825
Spain,2019,0.83901904425
Netherlands,1981,0.57205781675
Netherlands,1982,0.5786277435
Netherlands,1983,0.58476570675
Netherlands,1984,0.59214450175
Netherlands,1985,0.56441690325
Netherlands,1986,0.536066564
Netherlands,1987,0.50857058275
Netherlands,1988,0.478477396
Netherlands,1989,0.6346042035
Netherlands,1990,0.7693706355
Netherlands,1991,0.78045417525
Netherlands,1992,0.76474981325
Netherlands,1993,0.75260298675
Netherlands,1994,0.77130762825
Netherlands,1995,0.7713889515
Netherlands,1996,0.77605649275
Netherlands,1997,0.780350681
Netherlands,1998,0.7896717315
Netherlands,1999,0.8215377385
Netherlands,2000,0.7824876285
Netherlands,2001,0.74257159275
Netherlands,2002,0.698580224
Netherlands,2003,0.72829870625
Netherlands,2004,0.75985319575
Netherlands,2005,0.77253812625
Netherlands,2006,0.79106152225
Netherlands,2007,0.79667834725
Netherlands,2008,0.807725538
Netherlands,2009,0.7532283535
Netherlands,2010,0.80950109275
Netherlands,2011,0.80838988425
Netherlands,2012,0.8125576255
Netherlands,2013,0.79235249325
Netherlands,2014,0.84725704525
Netherlands,2015,0.84389033375
Netherlands,2016,0.8815563235
Netherlands,2017,0.87446635875
Netherlands,2018,0.87926352775
Netherlands,2019,0.89056477175
Netherlands,2020,0.9061311595
Netherlands,2021,0.922832162
Netherlands,2022,0.923185988
France,1981,0.24089460725
France,1982,0.21832713425
France,1983,0.194835327875
France,1984,0.170804788525
France,1985,0.19968407415
France,1986,0.22862274805
France,1987,0.260597584125
France,1988,0.291750789325
France,1989,0.324131406
France,1990,0.357096098
France,1991,0.36575393625
France,1992,0.37231188924999997
France,1993,0.37748940825
France,1994,0.39720116575
France,1995,0.41548239975
France,1996,0.433158542
France,1997,0.45026163025
France,1998,0.468678446
France,1999,0.5265115055
France,2000,0.525200517
France,2001,0.5256385955
France,2002,0.64157236975
France,2003,0.5852846725
France,2004,0.57098018775
France,2005,0.55765313275
France,2006,0.60352159675000006
France,2007,0.63578953425
France,2008,0.6457861335
France,2009,0.6676319765
France,2010,0.68355551025
France,2011,0.69322797625
France,2012,0.63655512825
France,2013,0.67762619775
France,2014,0.680287121
France,2015,0.69198997975
France,2016,0.71588848425
France,2017,0.75061412825
France,2018,0.7561572355
France,2019,0.76406342375
France,2020,0.826914636
France,2021,0.87723936625
Mexico,1981,0.06449473795
Mexico,1982,0.072612600775
Mexico,1983,0.08127011095
Mexico,1984,0.08914987375
Mexico,1985,0.096489653575
Mexico,1986,0.104214014175
Mexico,1987,0.112994108925
Mexico,1988,0.1203504982
Mexico,1989,0.12726278505
Mexico,1990,0.133345720525
Mexico,1991,0.14469577515
Mexico,1992,0.1546645492
Mexico,1993,0.164776422875
Mexico,1994,0.173936146425
Mexico,1995,0.180389550925
Mexico,1996,0.185977071
Mexico,1997,0.184425185375
Mexico,1998,0.179183303325
Mexico,1999,0.1964162347
Mexico,2000,0.211319412
Mexico,2001,0.23910197475
Mexico,2002,0.26362791875
Mexico,2003,0.3578932425
Mexico,2004,0.46276971975
Mexico,2005,0.37679075425
Mexico,2006,0.44437097775
Mexico,2007,0.429961234
Mexico,2008,0.43635202625
Mexico,2009,0.39669197675
Mexico,2010,0.369042792
Mexico,2011,0.36146425925
Mexico,2012,0.4005631035
Mexico,2013,0.4621283985
Mexico,2014,0.4319560365
Mexico,2015,0.41204336225
Mexico,2016,0.4894036795
Mexico,2017,0.444509177
Mexico,2018,0.39957313175
Mexico,2019,0.5341960955
Mexico,2020,0.534782481
Mexico,2021,0.53591188875
Mexico,2022,0.53871264325
Mexico,2023,0.54111538225
Hungary,1982,0.06203752695
Hungary,1983,0.080871685075
Hungary,1984,0.103192663825
Hungary,1985,0.12897673335
Hungary,1986,0.15679897115
Hungary,1987,0.1905130672
Hungary,1988,0.228339999175
Hungary,1989,0.147819168425
Hungary,1990,0.09058659395
Hungary,1991,0.076346074725
Hungary,1992,0.085092142025
Hungary,1993,0.092460303625
Hungary,1994,0.098190113475
Hungary,1995,0.126476735225
Hungary,1996,0.15972757295
Hungary,1997,0.196538016525
Hungary,1998,0.23868839675
Hungary,1999,0.087123685725
Hungary,2000,0.139182331825
Hungary,2001,0.21048366875
Hungary,2002,0.30228554075
Hungary,2003,0.31212317325
Hungary,2004,0.32095811525
Hungary,2005,0.325589634
Hungary,2006,0.254504921
Hungary,2007,0.270028832
Hungary,2008,0.28304780375
Hungary,2009,0.29628825925
Hungary,2010,0.3076839265
Hungary,2011,0.28136658875
Hungary,2012,0.250047038
Hungary,2013,0.324559566
Hungary,2014,0.32629486325
Hungary,2015,0.3576055055
Hungary,2016,0.3240638805
Hungary,2017,0.260509034
Hungary,2018,0.29673168225
Hungary,2019,0.321309686
Hungary,2020,0.3727416585
Hungary,2021,0.42360120175
Hungary,2022,0.426330731
Finland,1981,0.19452424125
Finland,1982,0.209913275625
Finland,1983,0.225038852575
Finland,1984,0.2391959939
Finland,1985,0.252243806775
Finland,1986,0.264984967825
Finland,1987,0.276232721225
Finland,1988,0.288096865925
Finland,1989,0.29883583225
Finland,1990,0.3099847745
Finland,1991,0.314791099975
Finland,1992,0.3168340625
Finland,1993,0.317969080025
Finland,1994,0.31731172245
Finland,1995,0.31514401175
Finland,1996,0.312372195
Finland,1997,0.33089066
Finland,1998,0.3474751145
Finland,1999,0.36291598025
Finland,2000,0.37659065375
Finland,2001,0.43383093525
Finland,2002,0.5157055805
Finland,2003,0.412582278
Finland,2004,0.4628455505
Finland,2005,0.49890573975
Finland,2006,0.413292803
Finland,2007,0.5075731725
Finland,2008,0.60242426375
Finland,2009,0.58138903
Finland,2010,0.5941581295
Finland,2011,0.60867229025
Finland,2012,0.53937204525
Finland,2013,0.59420437575
Finland,2014,0.649635047
Finland,2015,0.6295946625
Finland,2016,0.734744787
Finland,2017,0.72269934
Finland,2018,0.77236173725
Finland,2019,0.75123113725
Finland,2020,0.78641064875
Finland,2021,0.82093006225
Italy,1981,0.113517354575
Italy,1982,0.138403776775
Italy,1983,0.163871421525
Italy,1984,0.187795597975
Italy,1985,0.203241076825
Italy,1986,0.215598895875
Italy,1987,0.22608915785
Italy,1988,0.235355001225
Italy,1989,0.24270721425
Italy,1990,0.22911654875
Italy,1991,0.23661494275
Italy,1992,0.2408294719
Italy,1993,0.2430049775
Italy,1994,0.2597063715
Italy,1995,0.2815185795
Italy,1996,0.302779658325
Italy,1997,0.3223058907
Italy,1998,0.339579223
Italy,1999,0.35797666175
Italy,2000,0.36918384125
Italy,2001,0.375594474
Italy,2002,0.583883024
Italy,2003,0.52963595325
Italy,2004,0.3717755805
Italy,2005,0.2361023695
Italy,2006,0.36319293725
Italy,2007,0.4538279265
Italy,2008,0.41303588375
Italy,2009,0.41537373025
Italy,2010,0.405117129
Italy,2011,0.42782411075
Italy,2012,0.44857690225
Italy,2013,0.63945557875
Italy,2014,0.629257088
Italy,2015,0.55851257925
Italy,2016,0.50784173625
Italy,2017,0.5281418395
Italy,2018,0.503321315
Italy,2019,0.569980117
Italy,2020,0.591979401
Italy,2021,0.614089506
Italy,2022,0.63812756225
Portugal,1990,0.157289845
Portugal,1991,0.158118219575
Portugal,1992,0.156224698
Portugal,1993,0.152014333675
Portugal,1994,0.172614224975
Portugal,1995,0.1941991108
Portugal,1996,0.21474223395
Portugal,1997,0.234831706225
Portugal,1998,0.25410532525
Portugal,1999,0.3188068445
Portugal,2000,0.391800298
Portugal,2001,0.46568240125
Portugal,2002,0.528102038
Portugal,2003,0.48844956825
Portugal,2004,0.4495997035
Portugal,2005,0.40897339825
Portugal,2006,0.36976695875
Portugal,2007,0.37296848025
Portugal,2008,0.41569011575
Portugal,2009,0.44667890925
Portugal,2010,0.4118743395
Portugal,2011,0.3752499115
Portugal,2012,0.46634658625
Portugal,2013,0.5174979785
Portugal,2014,0.549935774
Portugal,2015,0.63056830875
Portugal,2016,0.718895506
Portugal,2017,0.65638349475
Portugal,2018,0.72930110875
Portugal,2019,0.67252739575
Portugal,2020,0.53977265925
Portugal,2021,0.7067754375
Slovenia,1991,0.2866887565
Slovenia,1992,0.21990889825
Slovenia,1993,0.18594421805
Slovenia,1994,0.215584102
Slovenia,1995,0.24336695475
Slovenia,1996,0.268698912075
Slovenia,1997,0.2917325695
Slovenia,1998,0.31405338025
Slovenia,1999,0.3811427625
Slovenia,2000,0.43215811075
Slovenia,2001,0.48222018275
Slovenia,2002,0.39104938175
Slovenia,2003,0.412067458
Slovenia,2004,0.4306042195
Slovenia,2005,0.51703258025
Slovenia,2006,0.30249787425
Slovenia,2007,0.35147718175
Slovenia,2008,0.39762025575
Slovenia,2009,0.3796242
Slovenia,2010,0.39348155075
Slovenia,2011,0.48851154274999997
Slovenia,2012,0.43728524275
Slovenia,2013,0.457500837
Slovenia,2014,0.47759201775
Slovenia,2015,0.45035601575
Slovenia,2016,0.5006633895
Slovenia,2017,0.522148761
Slovenia,2018,0.549692738
Slovenia,2019,0.56194418575
Slovenia,2020,0.624201605
Belgium,1981,0.30867386075000003
Belgium,1982,0.29779418075
Belgium,1983,0.28529896975
Belgium,1984,0.2706794175
Belgium,1985,0.294585835
Belgium,1986,0.317243449375
Belgium,1987,0.339406526675
Belgium,1988,0.36082960325
Belgium,1989,0.38253819125
Belgium,1990,0.40389332625
Belgium,1991,0.408999151
Belgium,1992,0.41257700375
Belgium,1993,0.41422008275
Belgium,1994,0.44506469225
Belgium,1995,0.4750693515
Belgium,1996,0.50610956325
Belgium,1997,0.5378028505
Belgium,1998,0.5687910945
Belgium,1999,0.6037261685
Belgium,2000,0.587540919
Belgium,2001,0.57374499225
Belgium,2002,0.59230385875
Belgium,2003,0.604592039
Belgium,2004,0.61726019
Belgium,2005,0.6177834935
Belgium,2006,0.62113584825
Belgium,2007,0.6079220235
Belgium,2008,0.72354957525
Belgium,2009,0.65580088475
Belgium,2010,0.68002960575
Belgium,2011,0.704806872
Belgium,2012,0.69671273425
Belgium,2013,0.7410065305
Belgium,2014,0.73182313325
Belgium,2015,0.75761549
Belgium,2016,0.81253794325
Belgium,2017,0.85921603325
Belgium,2018,0.81578721325
Belgium,2019,0.757487592
Belgium,2020,0.811692955
Belgium,2021,0.85883617275
Belgium,2022,0.89738187425
Czechia,1990,0.3052858935
Czechia,1991,0.29123925
Czechia,1992,0.37671101825000003
Czechia,1993,0.46744700075
Czechia,1994,0.5626175025
Czechia,1995,0.584396573
Czechia,1996,0.60750553775
Czechia,1997,0.629407634
Czechia,1998,0.65279967875
Czechia,1999,0.5107247505
Czechia,2000,0.4848284085
Czechia,2001,0.4623369415
Czechia,2002,0.49452822625
Czechia,2003,0.467912488
Czechia,2004,0.4412312625
Czechia,2005,0.43659542975
Czechia,2006,0.42833149625
Czechia,2007,0.4780226015
Czechia,2008,0.43438788475
Czechia,2009,0.458473105
Czechia,2010,0.4809961735
Czechia,2011,0.50999926625
Czechia,2012,0.40215358725
Czechia,2013,0.46972898025
Czechia,2014,0.45079092425
Czechia,2015,0.4308785285
Czechia,2016,0.50593799925
Czechia,2017,0.59305910375
Czechia,2018,0.60073470925
Czechia,2019,0.51940045975
Czechia,2020,0.53192408925
Czechia,2021,0.5477727035
Ireland,1981,0.28671867925
Ireland,1982,0.30135298
Ireland,1983,0.31441876635
Ireland,1984,0.32701361095
Ireland,1985,0.33648230152499997
Ireland,1986,0.348445678825
Ireland,1987,0.357729660225
Ireland,1988,0.36578631375
Ireland,1989,0.37406141125
Ireland,1990,0.35315180350000003
Ireland,1991,0.2774114685
Ireland,1992,0.259578800525
Ireland,1993,0.23777311125
Ireland,1994,0.24687376475
Ireland,1995,0.27611264595
Ireland,1996,0.304772972
Ireland,1997,0.33300327325
Ireland,1998,0.36012007725
Ireland,1999,0.4825018575
Ireland,2000,0.49550178825
Ireland,2001,0.508731928
Ireland,2002,0.55524264825
Ireland,2003,0.541662363
Ireland,2004,0.52679689825
Ireland,2005,0.51483775675
Ireland,2006,0.5773988265
Ireland,2007,0.49129174575
Ireland,2008,0.6226349545
Ireland,2009,0.62669617625
Ireland,2010,0.6540673705
Ireland,2011,0.68426906425
Ireland,2012,0.7001424865
Ireland,2013,0.672876844
Ireland,2014,0.76137643375
Ireland,2015,0.803349886
Ireland,2016,0.75860196325
Ireland,2017,0.7109571645
Ireland,2018,0.756105887
Ireland,2019,0.8030149015
Ireland,2020,0.8108450915
Ireland,2021,0.82176493175
Ireland,2022,0.83457158125
Slovakia,1990,0.13792232405
Slovakia,1991,0.11864964435
Slovakia,1992,0.1425467044
Slovakia,1993,0.16743410085
Slovakia,1994,0.193944815275
Slovakia,1995,0.2212263106
Slovakia,1996,0.25048176235
Slovakia,1997,0.2805070525
Slovakia,1998,0.312481629
Slovakia,1999,0.27226454775
Slovakia,2000,0.282703320675
Slovakia,2001,0.2889491625
Slovakia,2002,0.3509620295
Slovakia,2003,0.3262069985
Slovakia,2004,0.2994393215
Slovakia,2005,0.2713467545
Slovakia,2006,0.24186360275
Slovakia,2007,0.33717515375
Slovakia,2008,0.29581721975
Slovakia,2009,0.25298783425
Slovakia,2010,0.25730274625
Slovakia,2011,0.21420152725
Slovakia,2012,0.171958813
Slovakia,2013,0.187678990725
Slovakia,2014,0.200220709975
Slovakia,2015,0.21047705925
Slovakia,2016,0.30094413325
Slovakia,2017,0.30338386
Slovakia,2018,0.2430036075
Slovakia,2019,0.28606476175
Slovakia,2020,0.30825446875
Slovakia,2021,0.3255312205
Brazil,1991,0.16791911745
Brazil,1992,0.18284021495
Brazil,1993,0.197480543775
Brazil,1994,0.210226280775
Brazil,1995,0.221260091575
Brazil,1996,0.2324653426
Brazil,1997,0.2421261355
Brazil,1998,0.2191070075
Brazil,1999,0.2140245102
Brazil,2000,0.2066978582
Brazil,2001,0.197011653125
Brazil,2002,0.18592403475
Brazil,2003,0.256616238
Brazil,2004,0.3353560525
Brazil,2005,0.37915224475
Brazil,2006,0.41969103925
Brazil,2007,0.45003127775
Brazil,2008,0.48186493125
Brazil,2009,0.49008064975
Brazil,2010,0.50703241225
Brazil,2011,0.51267695425
Brazil,2012,0.59157451725
Brazil,2013,0.534606158
Brazil,2014,0.5154363565
Brazil,2015,0.526511949
Brazil,2016,0.56275957125
Brazil,2017,0.59848219875
Brazil,2018,0.562118408
Brazil,2019,0.61453721625
Brazil,2020,0.631487387
Brazil,2021,0.64970222475
Brazil,2022,0.66724923475
Brazil,2023,0.68702883775
Bulgaria,1990,0.132121798225
Bulgaria,1991,0.0871708956
Bulgaria,1992,0.10267784625
Bulgaria,1993,0.11862042145
Bulgaria,1994,0.134251690775
Bulgaria,1995,0.15055069855
Bulgaria,1996,0.1993048483
Bulgaria,1997,0.256174386
Bulgaria,1998,0.22304195275
Bulgaria,1999,0.1871967315
Bulgaria,2000,0.21500709685
Bulgaria,2001,0.242303153175
Bulgaria,2002,0.268297991
Bulgaria,2003,0.28233457565
Bulgaria,2004,0.292538327475
Bulgaria,2005,0.30365501625
Bulgaria,2006,0.3138348955
Bulgaria,2007,0.25485866825
Bulgaria,2008,0.18042242925
Bulgaria,2009,0.16966501125
Bulgaria,2010,0.163073524475
Bulgaria,2011,0.1684527345
Bulgaria,2012,0.2188427145
Bulgaria,2013,0.23951156225
Bulgaria,2014,0.21186190095
Bulgaria,2015,0.1811756835
Bulgaria,2016,0.18961055500000001
Bulgaria,2017,0.156011344575
Bulgaria,2018,0.1455977581
Bulgaria,2019,0.15537869825
Bulgaria,2020,0.1711715309
Bulgaria,2021,0.184328092
Argentina,1984,0.183723800725
Argentina,1985,0.1955164876
Argentina,1986,0.20669239815
Argentina,1987,0.21579555752500001
Argentina,1988,0.224840920625
Argentina,1989,0.2328074469
Argentina,1990,0.239544305025
Argentina,1991,0.24487785525
Argentina,1992,0.295239814
Argentina,1993,0.346395362
Argentina,1994,0.399074796
Argentina,1995,0.45353905675
Argentina,1996,0.45006992075
Argentina,1997,0.44648943225
Argentina,1998,0.44072056125
Argentina,1999,0.4357185715
Argentina,2000,0.4254783285
Argentina,2001,0.41580765875
Argentina,2002,0.405315516
Argentina,2003,0.451565434
Argentina,2004,0.49777968325
Argentina,2005,0.53612276225
Argentina,2006,0.5759242265
Argentina,2007,0.60992498475
Argentina,2008,0.6644748805
Argentina,2009,0.6392940665
Argentina,2010,0.63266514825
Argentina,2011,0.59886474225
Argentina,2012,0.56812788975
Argentina,2013,0.577942836
Argentina,2014,0.59904214525
Argentina,2015,0.59118213775
Argentina,2016,0.60466956425
Argentina,2017,0.61737900275
Argentina,2018,0.64211027025
Argentina,2019,0.66924830925
Argentina,2020,0.6775153745
Argentina,2021,0.68589277325
Argentina,2022,0.69830300225
Argentina,2023,0.7119819475
Estonia,1990,0.130939451425
Estonia,1991,0.184674276275
Estonia,1992,0.1968813024
Estonia,1993,0.206953203075
Estonia,1994,0.215966789575
Estonia,1995,0.22395557515
Estonia,1996,0.23028839025
Estonia,1997,0.260296347
Estonia,1998,0.28833289975
Estonia,1999,0.316137922
Estonia,2000,0.26043158775
Estonia,2001,0.2087993144
Estonia,2002,0.21639154815
Estonia,2003,0.22028452645
Estonia,2004,0.22252823225
Estonia,2005,0.209997101375
Estonia,2006,0.193219074
Estonia,2007,0.1989456585
Estonia,2008,0.30754658475
Estonia,2009,0.22672978825
Estonia,2010,0.27110389025
Estonia,2011,0.356476623
Estonia,2012,0.24403358025
Estonia,2013,0.234281971575
Estonia,2014,0.221606028
Estonia,2015,0.2154604915
Estonia,2016,0.35689706625
Estonia,2017,0.370674046
Estonia,2018,0.3810670915
Estonia,2019,0.34452656225
Estonia,2020,0.4236341085
Estonia,2021,0.5031978315
Austria,1988,0.26667656225
Austria,1989,0.282590812
Austria,1990,0.2942873245
Austria,1991,0.3390141065
Austria,1992,0.384389605
Austria,1993,0.429447304
Austria,1994,0.3939980225
Austria,1995,0.36003902225
Austria,1996,0.40869949025
Austria,1997,0.45711114975
Austria,1998,0.50605173975
Austria,1999,0.55485442175
Austria,2000,0.52673130775
Austria,2001,0.5010080725
Austria,2002,0.49383130625
Austria,2003,0.5994597665
Austria,2004,0.596515084
Austria,2005,0.59447121
Austria,2006,0.58977309325
Austria,2007,0.6065306005
Austria,2008,0.5607446505
Austria,2009,0.5607013825
Austria,2010,0.5160483655
Austria,2011,0.47035667325
Austria,2012,0.573691857
Austria,2013,0.54844183325
Austria,2014,0.5984059965
Austria,2015,0.64896365075
Austria,2016,0.69089933125
Austria,2017,0.710333064
Austria,2018,0.75393872325
Austria,2019,0.70200024675
Lithuania,1990,0.0519486055975
Lithuania,1991,0.061929269425
Lithuania,1992,0.0711966999
Lithuania,1993,0.08139166035
Lithuania,1994,0.091788699075
Lithuania,1995,0.1020206404
Lithuania,1996,0.111893982725
Lithuania,1997,0.1212254495
Lithuania,1998,0.129442261075
Lithuania,1999,0.134594188225
Lithuania,2000,0.1354323705
Lithuania,2001,0.132645571725
Lithuania,2002,0.13518724505
Lithuania,2003,0.135445528875
Lithuania,2004,0.1349075435
Lithuania,2005,0.13309285745
Lithuania,2006,0.129286280325
Lithuania,2007,0.156161187625
Lithuania,2008,0.18230238325
Lithuania,2009,0.19479169575
Lithuania,2010,0.182351830725
Lithuania,2011,0.1494588165
Lithuania,2012,0.1696558455
Lithuania,2013,0.1159854171
Lithuania,2014,0.11853952235
Lithuania,2015,0.11567241557499999
Lithuania,2016,0.1785245369
Lithuania,2017,0.1590818448
Lithuania,2018,0.18259766225
Lithuania,2019,0.16935436925
Lithuania,2020,0.22420617075
Lithuania,2021,0.2842380875
Denmark,1981,0.53033860975
Denmark,1982,0.5265100095
Denmark,1983,0.52233955
Denmark,1984,0.51939467375
Denmark,1985,0.51375197825
Denmark,1986,0.51061163225
Denmark,1987,0.50763922125
Denmark,1988,0.50370741225
Denmark,1989,0.50006717075
Denmark,1990,0.49572331375
Denmark,1991,0.5305271355
Denmark,1992,0.5651551465
Denmark,1993,0.597930753
Denmark,1994,0.6091083585
Denmark,1995,0.618712656
Denmark,1996,0.63014027525
Denmark,1997,0.64190927475
Denmark,1998,0.65557729075
Denmark,1999,0.75376479575
Denmark,2000,0.758368317
Denmark,2001,0.768347275
Denmark,2002,0.7301684095
Denmark,2003,0.7185496205
Denmark,2004,0.71090054025
Denmark,2005,0.69316743225
Denmark,2006,0.67668432625
Denmark,2007,0.73046759875
Denmark,2008,0.82925160675
Denmark,2009,0.824666682
Denmark,2010,0.8160348345
Denmark,2011,0.840803785
Denmark,2012,0.8668316205
Denmark,2013,0.8433278505
Denmark,2014,0.8735014505
Denmark,2015,0.8776916905
Denmark,2016,0.8967974145
Denmark,2017,0.915464304
Denmark,2018,0.89319915875
Denmark,2019,0.894997882
Colombia,1997,0.19345851525
Colombia,1998,0.20564270225
Colombia,1999,0.18640472155
Colombia,2000,0.1663358351
Colombia,2001,0.1460135965
Colombia,2002,0.125510501425
Colombia,2003,0.2035756969
Colombia,2004,0.30604268675
Colombia,2005,0.2708602605
Colombia,2006,0.24592923875
Colombia,2007,0.2971788585
Colombia,2008,0.3483835045
Colombia,2009,0.34634844975
Colombia,2010,0.3202254465
Colombia,2011,0.332310967
Colombia,2012,0.34585469825
Colombia,2013,0.34982796375
Colombia,2014,0.34884464425
Colombia,2015,0.3007056825
Colombia,2016,0.34017247775
Colombia,2017,0.34988794225000003
Colombia,2018,0.3569852955
Colombia,2019,0.3735593715
Colombia,2020,0.386025786
Colombia,2021,0.400574166
Colombia,2022,0.41317707625
Colombia,2023,0.4250553305
Chile,1990,0.102890664975
Chile,1991,0.12227047939999999
Chile,1992,0.142175161075
Chile,1993,0.162878119725
Chile,1994,0.18527772125
Chile,1995,0.20649491345
Chile,1996,0.22953773925
Chile,1997,0.214287906825
Chile,1998,0.1945283745
Chile,1999,0.24067749725
Chile,2000,0.28832691925
Chile,2001,0.2931585975
Chile,2002,0.29109230575
Chile,2003,0.37210965625
Chile,2004,0.45930784625
Chile,2005,0.42003777325
Chile,2006,0.37889585875
Chile,2007,0.45905885575
Chile,2008,0.40343115925
Chile,2009,0.43925526
Chile,2010,0.45186663375
Chile,2011,0.47864588075
Chile,2012,0.5056939945
Chile,2013,0.6638958745
Chile,2014,0.5870703765
Chile,2015,0.59900966425
Chile,2016,0.59438502025
Chile,2017,0.5938136915
Chile,2018,0.46156329425
Chile,2019,0.59349019275
Chile,2020,0.6034199582499999
Chile,2021,0.6135257225
Chile,2022,0.62410369825
Chile,2023,0.63665731475
Peru,1996,0.207085714
Peru,1997,0.201738764875
Peru,1998,0.19379165695
Peru,1999,0.184859884525
Peru,2000,0.172893083225
Peru,2001,0.15782198225
Peru,2002,0.15769176475
Peru,2003,0.217236016625
Peru,2004,0.2859623025
Peru,2005,0.28453824125
Peru,2006,0.27987380675
Peru,2007,0.26880399
Peru,2008,0.35157259975
Peru,2009,0.3717071845
Peru,2010,0.3162406045
Peru,2011,0.3050214285
Peru,2012,0.2904304635
Peru,2013,0.3057025385
Peru,2014,0.31757274275
Peru,2015,0.26648916325
Peru,2016,0.28918366675
Peru,2017,0.31131413375
Peru,2018,0.201841384
Peru,2019,0.34622885475
Peru,2020,0.35312904525
Peru,2021,0.3552121805
Peru,2022,0.354911462
Peru,2023,0.354578193
Canada,1982,0.28869518575
Canada,1983,0.30702515365
Canada,1984,0.3240734387
Canada,1985,0.340235117625
Canada,1986,0.35616682675
Canada,1987,0.372120704
Canada,1988,0.38602854675
Canada,1989,0.39584419325
Canada,1990,0.40376758025
Canada,1991,0.4092337015
Canada,1992,0.412607423
Canada,1993,0.41463689825
Canada,1994,0.47074399025
Canada,1995,0.50418818475
Canada,1996,0.4506218375
Canada,1997,0.44498385325
Canada,1998,0.50790270425
Canada,1999,0.4776207005
Canada,2000,0.5709130595
Canada,2001,0.57080216575
Canada,2002,0.5739802095
Canada,2003,0.55223010325
Canada,2004,0.5961762385
Canada,2005,0.6140177485
Canada,2006,0.635346613
Canada,2007,0.6658382405
Canada,2008,0.69930931875
Canada,2009,0.69334408225
Canada,2010,0.69215784525
Canada,2011,0.69590302375
Canada,2012,0.65033354025
Canada,2013,0.7029023905
Canada,2014,0.71582874725
Canada,2015,0.77339129775
Canada,2016,0.7295805665
Canada,2017,0.6857428855
Canada,2018,0.74337344225
Canada,2019,0.796481602
Canada,2020,0.85453318575
Canada,2021,0.7961819325
Canada,2022,0.7264222375
Canada,2023,0.647958034
Romania,1993,0.047079180425
Romania,1994,0.05376304445
Romania,1995,0.060949702475
Romania,1996,0.0674854581
Romania,1997,0.073530200125
Romania,1998,0.07914279875
Romania,1999,0.074503157325
Romania,2000,0.0902337978
Romania,2001,0.10547847235
Romania,2002,0.109065460225
Romania,2003,0.110132190575
Romania,2004,0.109953266375
Romania,2005,0.1081540995
Romania,2006,0.0920330646
Romania,2007,0.110230903675
Romania,2008,0.12720730915
Romania,2009,0.1202444068
Romania,2010,0.110340286125
Romania,2011,0.1221249673
Romania,2012,0.130804031775
Romania,2013,0.121203254875
Romania,2014,0.1090088581
Romania,2015,0.096567497375
Romania,2016,0.084318257425
Romania,2017,0.0938801457
Romania,2018,0.10243127025
Romania,2019,0.17651715425
Uruguay,1996,0.2248286575
Uruguay,1997,0.2421783559
Uruguay,1998,0.256961292
Uruguay,1999,0.2500315678
Uruguay,2000,0.2425713205
Uruguay,2001,0.231234572875
Uruguay,2002,0.218678082
Uruguay,2003,0.35445067625
Uruguay,2004,0.51689875375
Uruguay,2005,0.48862692675
Uruguay,2006,0.462875933
Uruguay,2007,0.54387396225
Uruguay,2008,0.5251642645
Uruguay,2009,0.521865611
Uruguay,2010,0.5240171315
Uruguay,2011,0.567018728
Uruguay,2012,0.7095368765
Uruguay,2013,0.709075967
Uruguay,2014,0.71209769225
Uruguay,2015,0.65514603525
Uruguay,2016,0.6851450835
Uruguay,2017,0.716699751
Uruguay,2018,0.708313837
Uruguay,2019,0.704034963
Uruguay,2020,0.71322801225
Uruguay,2021,0.7244218635
Uruguay,2022,0.7383643725
Uruguay,2023,0.7529983755
Guatemala,1998,0.0658887831
Guatemala,1999,0.064233726225
Guatemala,2000,0.061680537625000004
Guatemala,2001,0.058083713075
Guatemala,2002,0.053830526925
Guatemala,2003,0.10505002635
Guatemala,2004,0.19038839
Guatemala,2005,0.24737026425
Guatemala,2006,0.3083642325
Guatemala,2007,0.29083009175
Guatemala,2008,0.269686816
Guatemala,2009,0.2653309055
Guatemala,2010,0.23876735825
Guatemala,2011,0.2599855715
Guatemala,2012,0.27478163625
Guatemala,2013,0.2290404965
Guatemala,2014,0.184451465
Guatemala,2015,0.15592510465
Guatemala,2016,0.211650785575
Guatemala,2017,0.27579811425
Guatemala,2018,0.285121626
Guatemala,2019,0.29053808725
Guatemala,2020,0.24719648425
Guatemala,2021,0.26243594175
Guatemala,2022,0.2731218295
Guatemala,2023,0.28098580625
El Salvador,1998,0.022650404912499998
El Salvador,1999,0.0236309955225
El Salvador,2000,0.027770830902499998
El Salvador,2001,0.0320032850775
El Salvador,2002,0.035935347225
El Salvador,2003,0.055033325725
El Salvador,2004,0.08138699875
El Salvador,2005,0.11498887155
El Salvador,2006,0.1551822216
El Salvador,2007,0.212745010575
El Salvador,2008,0.279966286
El Salvador,2009,0.19749635325
El Salvador,2010,0.217633655
El Salvador,2011,0.2118148733
El Salvador,2012,0.20179546875
El Salvador,2013,0.3020827
El Salvador,2014,0.2517860275
El Salvador,2015,0.197929034
El Salvador,2016,0.28907510725
El Salvador,2017,0.31182578925
El Salvador,2018,0.3296690585
El Salvador,2019,0.3390811515
El Salvador,2020,0.3458300325
El Salvador,2021,0.352158038
El Salvador,2022,0.3588870095
El Salvador,2023,0.36154936975
Greece,1993,0.163339613525
Greece,1994,0.1989577141
Greece,1995,0.237217811475
Greece,1996,0.278472315775
Greece,1997,0.3212531557
Greece,1998,0.3667803985
Greece,1999,0.41615067275
Greece,2000,0.4548842355
Greece,2001,0.49267008675
Greece,2002,0.4318916405
Greece,2003,0.2539297595
Greece,2004,0.240428635925
Greece,2005,0.22178324325
Greece,2006,0.18672978675
Greece,2007,0.2496359365
Greece,2008,0.318856618
Greece,2009,0.26613148275
Greece,2010,0.26321241725
Greece,2011,0.25478518125
Greece,2012,0.25444279275
Greece,2013,0.372754419
Greece,2014,0.35006210249999997
Greece,2015,0.32410377125
Greece,2016,0.40043913725
Greece,2017,0.47096837575
Greece,2018,0.4299032885
Greece,2019,0.3875162895
Greece,2020,0.383875294
Greece,2021,0.37919810975
Greece,2022,0.372576243
Latvia,1990,0.05089340365
Latvia,1991,0.06607922586000001
Latvia,1992,0.085055662525
Latvia,1993,0.1070399006
Latvia,1994,0.13143224535
Latvia,1995,0.15994952115
Latvia,1996,0.1911705997
Latvia,1997,0.21245379895
Latvia,1998,0.23030475525
Latvia,1999,0.138659134225
Latvia,2000,0.142801312475
Latvia,2001,0.1458532284
Latvia,2002,0.1469895343
Latvia,2003,0.14790586345
Latvia,2004,0.148229001225
Latvia,2005,0.14568869395
Latvia,2006,0.141948216575
Latvia,2007,0.16274591865
Latvia,2008,0.15910751475
Latvia,2009,0.129752173575
Latvia,2010,0.118616187125
Latvia,2011,0.108721577525
Latvia,2012,0.0965229259
Latvia,2013,0.09990469565
Latvia,2014,0.108494866525
Latvia,2015,0.114277058025
Latvia,2016,0.126080076075
Latvia,2017,0.14448282605
Latvia,2018,0.16137005125
Latvia,2019,0.17567320025
Dominican Republic,1996,0.137105913825
Dominican Republic,1997,0.13806372265
Dominican Republic,1998,0.137910908975
Dominican Republic,1999,0.136982299625
Dominican Republic,2000,0.134014137575
Dominican Republic,2001,0.130623610625
Dominican Republic,2002,0.1259346645
Dominican Republic,2003,0.1200141239
Dominican Republic,2004,0.113377450625
Dominican Republic,2005,0.1365104351
Dominican Republic,2006,0.15826586095
Dominican Republic,2007,0.188805334225
Dominican Republic,2008,0.2187695455
Dominican Republic,2009,0.26847249875
Dominican Republic,2010,0.24053602875
Dominican Republic,2011,0.243848927
Dominican Republic,2012,0.24047665675
Dominican Republic,2013,0.24002872
Dominican Republic,2014,0.232370323
Dominican Republic,2015,0.20790629325
Dominican Republic,2016,0.306712168
Dominican Republic,2017,0.30496487525
Dominican Republic,2018,0.30109079325
Dominican Republic,2019,0.29350322775
Dominican Republic,2020,0.29734536275
Dominican Republic,2021,0.298058878575
Dominican Republic,2022,0.29879659725
Dominican Republic,2023,0.2955640395
Croatia,1996,0.33945772075
Croatia,1997,0.27281876
Croatia,1998,0.21352287347499999
Croatia,1999,0.160656967325
Croatia,2000,0.18485347965
Croatia,2001,0.208108334075
Croatia,2002,0.231364962475
Croatia,2003,0.255484974
Croatia,2004,0.279234807
Croatia,2005,0.22779371775
Croatia,2006,0.17996112155
Croatia,2007,0.169318933375
Croatia,2008,0.154860774325
Croatia,2009,0.214860664
Croatia,2010,0.23692351125
Croatia,2011,0.2348201855
Croatia,2012,0.225101435425
Croatia,2013,0.20990961775
Croatia,2014,0.28095424975
Croatia,2015,0.3602671025
Croatia,2016,0.298290533
Croatia,2017,0.24593788875
Croatia,2018,0.31345389525
Croatia,2019,0.3858267415
Croatia,2020,0.3968876395
Croatia,2021,0.4042609555
Ecuador,1998,0.103637474925
Ecuador,1999,0.1186795269
Ecuador,2000,0.1343467135
Ecuador,2001,0.14769970095
Ecuador,2002,0.16129908639999999
Ecuador,2003,0.20443370705
Ecuador,2004,0.25164012325
Ecuador,2005,0.2506600205
Ecuador,2006,0.2458081735
Ecuador,2007,0.285007456
Ecuador,2008,0.32152322525
Ecuador,2009,0.36036025975
Ecuador,2010,0.29188990775
Ecuador,2011,0.30616594425
Ecuador,2012,0.3160554695
Ecuador,2013,0.24850871875
Ecuador,2014,0.278691719
Ecuador,2015,0.225239281
Ecuador,2016,0.35605540225
Ecuador,2017,0.3461700815
Ecuador,2018,0.33161615325
Ecuador,2019,0.39233695025
Ecuador,2020,0.399050919
Ecuador,2021,0.40511022975
Ecuador,2022,0.408035682
Ecuador,2023,0.41213196525
Cyprus,1999,0.28683134795
Cyprus,2000,0.284435971225
Cyprus,2001,0.278597581475
Cyprus,2002,0.2723476001
Cyprus,2003,0.26430055095
Cyprus,2004,0.2542920415
Cyprus,2005,0.244213686575
Cyprus,2006,0.2325159675
Cyprus,2007,0.226891682
Cyprus,2008,0.216196038
Cyprus,2009,0.20099293675
Cyprus,2010,0.26062223375
Cyprus,2011,0.32352333175
Cyprus,2012,0.24520863075
Cyprus,2013,0.246866022875
Cyprus,2014,0.245552190625
Cyprus,2015,0.2418206385
Cyprus,2016,0.29411528925
Cyprus,2017,0.28751773325
Cyprus,2018,0.27580776525
Cyprus,2019,0.28277574025
Norway,1982,0.21072465525
Norway,1983,0.22585794185
Norway,1984,0.237389203975
Norway,1985,0.248595021425
Norway,1986,0.259961089325
Norway,1987,0.270751764975
Norway,1988,0.280574668475
Norway,1989,0.289506619475
Norway,1990,0.29757419675
Norway,1991,0.38715273675
Norway,1992,0.32874247625
Norway,1993,0.27119172225
Norway,1994,0.44103427975
Norway,1995,0.48240222775
Norway,1996,0.52313710325
Norway,1997,0.5393194635
Norway,1998,0.55880776625
Norway,1999,0.5643578725
Norway,2000,0.57319888675
Norway,2001,0.58095838925
Norway,2002,0.53754447775
Norway,2003,0.567426896
Norway,2004,0.59886953875
Norway,2005,0.63431489875
Norway,2006,0.66930138475
Norway,2007,0.76865938925
Norway,2008,0.7175111705
Norway,2009,0.63205429375
Norway,2010,0.69756717625
Norway,2011,0.70383661675
Norway,2012,0.7130145035
Norway,2013,0.79387545725
Norway,2014,0.827084376
Norway,2015,0.8411250165
Norway,2016,0.8588086665
Norway,2017,0.841712883
Norway,2018,0.897264035
Norway,2019,0.9136701495
Norway,2020,0.9221467225
Norway,2021,0.93238466475
Panama,1998,0.146089902475
Panama,1999,0.141016903325
Panama,2000,0.1333250758
Panama,2001,0.12503142275
Panama,2002,0.11582897765
Panama,2003,0.1487063817
Panama,2004,0.18571155575
Panama,2005,0.2486795335
Panama,2006,0.3192779585
Panama,2007,0.34124008475
Panama,2008,0.36102691975
Panama,2009,0.38937135425
Panama,2010,0.26989867025000003
Panama,2011,0.238906934
Panama,2012,0.20472484625
Panama,2013,0.2375932205
Panama,2014,0.26707352175
Panama,2015,0.18014849845
Panama,2016,0.23226427325000001
Panama,2017,0.28940699725
Panama,2018,0.25491561675
Panama,2019,0.2191847385
Panama,2020,0.23269100835
Panama,2021,0.240640898475
Panama,2022,0.24712918775
Panama,2023,0.251087341
Nicaragua,1998,0.1426673523
Nicaragua,1999,0.117619124975
Nicaragua,2000,0.09515664085
Nicaragua,2001,0.075214099475
Nicaragua,2002,0.05855035345
Nicaragua,2003,0.10548253765
Nicaragua,2004,0.17886562085
Nicaragua,2005,0.202891457775
Nicaragua,2006,0.224847394
Nicaragua,2007,0.27503989575
Nicaragua,2008,0.326931755
Nicaragua,2009,0.32793847325
Nicaragua,2010,0.286026477
Nicaragua,2011,0.2874880685
Nicaragua,2012,0.28386442475
Nicaragua,2013,0.27613685225
Nicaragua,2014,0.26247621925
Nicaragua,2015,0.27040863625
Nicaragua,2016,0.37918224625
Nicaragua,2017,0.37565774125
Nicaragua,2018,0.36762533225
Nicaragua,2019,0.35734490025
Nicaragua,2020,0.31153047825
Nicaragua,2021,0.38855529925
Nicaragua,2022,0.468528288
Nicaragua,2023,0.551975454
Costa Rica,1998,0.06036811395
Costa Rica,1999,0.064225028525
Costa Rica,2000,0.0677373188
Costa Rica,2001,0.0700121738
Costa Rica,2002,0.0711682161
Costa Rica,2003,0.115752685675
Costa Rica,2004,0.1773988355
Costa Rica,2005,0.1963065412
Costa Rica,2006,0.21186201225
Costa Rica,2007,0.24743924675
Costa Rica,2008,0.28187994325
Costa Rica,2009,0.25943260725
Costa Rica,2010,0.2733758135
Costa Rica,2011,0.27836082675
Costa Rica,2012,0.278116735
Costa Rica,2013,0.303535386
Costa Rica,2014,0.324256123
Costa Rica,2015,0.305043376
Costa Rica,2016,0.3915389645
Costa Rica,2017,0.39163363375
Costa Rica,2018,0.389997822
Costa Rica,2019,0.41161754525
Costa Rica,2020,0.4306536705
Costa Rica,2021,0.45069480925
Costa Rica,2022,0.472252406
Costa Rica,2023,0.49213904325
Honduras,1998,0.083439019575
Honduras,1999,0.0704151649025
Honduras,2000,0.058103179095
Honduras,2001,0.0469142443
Honduras,2002,0.0372756301025
Honduras,2003,0.06752268505
Honduras,2004,0.115459505425
Honduras,2005,0.113311016975
Honduras,2006,0.106825312175
Honduras,2007,0.166385078475
Honduras,2008,0.24295248275
Honduras,2009,0.24547154225
Honduras,2010,0.26208186325
Honduras,2011,0.215951119
Honduras,2012,0.1722071482
Honduras,2013,0.19968379035
Honduras,2014,0.22285561575
Honduras,2015,0.18988847425
Honduras,2016,0.23114351525
Honduras,2017,0.225339023625
Honduras,2018,0.21551350775
Honduras,2019,0.220734336925
Honduras,2020,0.224255869075
Honduras,2021,0.2255559757
Honduras,2022,0.226285963675
Honduras,2023,0.224400566
Russia,1990,0.093203847025
Russia,1991,0.182585025575
Russia,1992,0.205928024625
Russia,1993,0.228755711
Russia,1994,0.24964449575
Russia,1995,0.143084193775
Russia,1996,0.17864391805
Russia,1997,0.21716000605
Russia,1998,0.25779446025
Russia,1999,0.20333934025
Russia,2000,0.2535563305
Russia,2001,0.26085753955
Russia,2002,0.264257557075
Russia,2003,0.25426925505
Russia,2004,0.243009349775
Russia,2005,0.229771901225
Russia,2006,0.21517091775
Russia,2007,0.229789292
Russia,2008,0.208666778
Russia,2009,0.19509095725
Russia,2010,0.166924632375
Russia,2011,0.20683998425
Russia,2012,0.1460418725
Russia,2013,0.127940436875
Russia,2014,0.076101231475
Russia,2015,0.06295096675
Russia,2016,0.071713408075
Russia,2017,0.07397962215
Russia,2018,0.07676680265
Russia,2019,0.0777461795
Paraguay,1998,0.034615017175
Paraguay,1999,0.038748837645
Paraguay,2000,0.0428878701925
Paraguay,2001,0.04663013175
Paraguay,2002,0.049933082725
Paraguay,2003,0.0752806585
Paraguay,2004,0.108527475925
Paraguay,2005,0.111813314425
Paraguay,2006,0.112085162575
Paraguay,2007,0.125930786725
Paraguay,2008,0.13605682585
Paraguay,2009,0.161052531
Paraguay,2010,0.123746866
Paraguay,2011,0.132913799875
Paraguay,2012,0.138668966675
Paraguay,2013,0.146714357675
Paraguay,2014,0.14965489137500002
Paraguay,2015,0.126638269275
Paraguay,2016,0.2034130435
Paraguay,2017,0.200867897875
Paraguay,2018,0.194084700825
Paraguay,2019,0.184625212
Paraguay,2020,0.193486450225
Paraguay,2021,0.198941555225
Paraguay,2022,0.20222953115
Paraguay,2023,0.20246884475
Bolivia,1998,0.15500702827500001
Bolivia,1999,0.152445458275
Bolivia,2000,0.1488226797
Bolivia,2001,0.142464579475
Bolivia,2002,0.1342962158
Bolivia,2003,0.196790130775
Bolivia,2004,0.274194704
Bolivia,2005,0.29467211125
Bolivia,2006,0.3123031
Bolivia,2007,0.400331119
Bolivia,2008,0.3791634565
Bolivia,2009,0.39033366375
Bolivia,2010,0.326381603
Bolivia,2011,0.3377637965
Bolivia,2012,0.34379716425
Bolivia,2013,0.43686482025
Bolivia,2014,0.30532942125
Bolivia,2015,0.24687760075
Bolivia,2016,0.29672734525
Bolivia,2017,0.34746098925
Bolivia,2018,0.36275062125
Bolivia,2019,0.374393179
Bolivia,2020,0.372912434
Bolivia,2021,0.37003952875
Bolivia,2022,0.3668603815
Bolivia,2023,0.3593147145
Luxembourg,1993,0.37001668825
Luxembourg,1994,0.43457165275
Luxembourg,1995,0.49960511175
Luxembourg,1996,0.56400521
Luxembourg,1997,0.6284240955
Luxembourg,1998,0.6903678635
Luxembourg,1999,0.74889173875
Luxembourg,2000,0.75416464125
Luxembourg,2001,0.7626946745
Luxembourg,2002,0.7405653675
Luxembourg,2003,0.729670885
Luxembourg,2004,0.69680455025
Luxembourg,2005,0.667472638
Luxembourg,2006,0.638152732
Luxembourg,2007,0.72429136875
Luxembourg,2008,0.800096396
Luxembourg,2009,0.688363996
Luxembourg,2010,0.72953334075
Luxembourg,2011,0.77092135225
Luxembourg,2012,0.81037343625
Luxembourg,2013,0.8183419835
Luxembourg,2014,0.8300978925
Luxembourg,2015,0.84293908175
Luxembourg,2016,0.847414
Luxembourg,2017,0.85351764325
Luxembourg,2018,0.86262679225
Luxembourg,2019,0.873505224
Venezuela,1996,0.074888232175
Venezuela,1997,0.07611038425
Venezuela,1998,0.0745648395
Venezuela,1999,0.095031812225
Venezuela,2000,0.11767519115
Venezuela,2001,0.0909511458
Venezuela,2002,0.067092160125
Venezuela,2003,0.115695509125
Venezuela,2004,0.1869084335
Venezuela,2005,0.2231344359
Venezuela,2006,0.259474533125
Venezuela,2007,0.297160917
Venezuela,2008,0.25782552625
Venezuela,2009,0.29941536425
Venezuela,2010,0.27719018425
Venezuela,2011,0.26099587275
Venezuela,2012,0.2415586535
Venezuela,2013,0.31178523
Venezuela,2014,0.298736896
Venezuela,2015,0.163960630825
Venezuela,2016,0.33366638975
Venezuela,2017,0.2968077305
Venezuela,2018,0.26041079125
Venezuela,2019,0.291528646
Venezuela,2020,0.32183120475
Venezuela,2021,0.3507466305
Venezuela,2022,0.37158134075
Venezuela,2023,0.3926669135
China,1990,0.111194768775
China,1991,0.119561059675
China,1992,0.126540007325
China,1993,0.13259713665
China,1994,0.1367451192
China,1995,0.139016562475
China,1996,0.13504164745
China,1997,0.129190390425
China,1998,0.1222766384
China,1999,0.11467274784999999
China,2000,0.106189172075
China,2001,0.09658963585
China,2002,0.114352921775
China,2003,0.1325535992
China,2004,0.1519037715
China,2005,0.17058366655
China,2006,0.2367497655
China,2007,0.161328899225
China,2008,0.28129596875
China,2009,0.25208159525
China,2010,0.21949330549999999
China,2011,0.23265588225
China,2012,0.23298538825
China,2013,0.283333338
China,2014,0.28238440975
China,2015,0.29341369675
China,2016,0.29050238625
China,2017,0.282683592
China,2018,0.24355451349999999
China,2019,0.2627003975
China,2020,0.27861140325
China,2021,0.29060146275
Japan,1981,0.2195314515
Japan,1982,0.220720939875
Japan,1983,0.221422895975
Japan,1984,0.22174055015
Japan,1985,0.220698073175
Japan,1986,0.2182127088
Japan,1987,0.21356005965
Japan,1988,0.20941078265
Japan,1989,0.20400568695000001
Japan,1990,0.1971966375
Japan,1991,0.218700691475
Japan,1992,0.2387980462
Japan,1993,0.2574744811
Japan,1994,0.27579998575
Japan,1995,0.31081528175
Japan,1996,0.33702434275
Japan,1997,0.3607668075
Japan,1998,0.38437332125
Japan,1999,0.408203345
Japan,2000,0.4279934015
Japan,2001,0.4600104555
Japan,2002,0.505552986
Japan,2003,0.4601702195
Japan,2004,0.41163049725
Japan,2005,0.4515154865
Japan,2006,0.451754954
Japan,2007,0.52394176475
Japan,2008,0.46726990425
Japan,2009,0.47893055875
Japan,2010,0.4909736415
Japan,2011,0.52366762175
Japan,2012,0.4623216715
Japan,2013,0.583185226
Japan,2014,0.570183483
Japan,2015,0.6154703095
Japan,2016,0.584195643
Japan,2017,0.5538598625
Japan,2018,0.52279423075
Japan,2019,0.66002253625
Australia,1979,0.385350763
Australia,1980,0.32724951025
Australia,1981,0.2707012985
Australia,1982,0.26888570575
Australia,1983,0.26406593835
Australia,1984,0.25691616245
Australia,1985,0.24705255265
Australia,1986,0.233790306325
Australia,1987,0.21883850325
Australia,1988,0.221153608725
Australia,1989,0.21918529675
Australia,1990,0.2269083542
Australia,1991,0.22996124375
Australia,1992,0.28469499025
Australia,1993,0.34044276475
Australia,1994,0.36162895925
Australia,1995,0.361795897
Australia,1996,0.38164736
Australia,1997,0.399082191
Australia,1998,0.4155754965
Australia,1999,0.4283770625
Australia,2000,0.43950852525
Australia,2001,0.4489690725
Australia,2002,0.45848223725
Australia,2003,0.4694893825
Australia,2004,0.48395570975
Australia,2005,0.49693113025
Australia,2006,0.52188240125
Australia,2007,0.549673853
Australia,2008,0.5743311895
Australia,2009,0.57878844025
Australia,2010,0.60345647325
Australia,2011,0.6274810205
Australia,2012,0.65387787925
Australia,2013,0.64999079225
Australia,2014,0.673326726
Australia,2015,0.69070639575
Australia,2016,0.7346819105
Australia,2017,0.747897486
Australia,2018,0.763087437
Australia,2019,0.793070474
Switzerland,1989,0.32200025675
Switzerland,1990,0.36627486875
Switzerland,1991,0.40981574125
Switzerland,1992,0.454296824
Switzerland,1993,0.49746339425
Switzerland,1994,0.542803983
Switzerland,1995,0.58774073425
Switzerland,1996,0.63200506975
Switzerland,1997,0.636728748
Switzerland,1998,0.643938389
Switzerland,1999,0.651978158
Switzerland,2000,0.638414021
Switzerland,2001,0.6349608245
Switzerland,2002,0.6327695595
Switzerland,2003,0.60687976475
Switzerland,2004,0.5795884225
Switzerland,2005,0.59593960375
Switzerland,2006,0.61242537025
Switzerland,2007,0.7306707325
Switzerland,2008,0.65425002575
Switzerland,2009,0.645886614
Switzerland,2010,0.6403903775
Switzerland,2011,0.623710586
Switzerland,2012,0.60833889825
Switzerland,2013,0.6170993935
Switzerland,2014,0.673980208
Switzerland,2015,0.69037541425
Switzerland,2016,0.7109769845
Switzerland,2017,0.74165105825
Switzerland,2018,0.7645505875
Switzerland,2019,0.77210740125
Switzerland,2020,0.781421759
Switzerland,2021,0.793991752
Turkey,1990,0.0814668386875
Turkey,1991,0.08261314395
Turkey,1992,0.08302057863
Turkey,1993,0.082620478855
Turkey,1994,0.0815222303875
Turkey,1995,0.0795081065125
Turkey,1996,0.0771356795675
Turkey,1997,0.08267425046
Turkey,1998,0.087535071325
Turkey,1999,0.09223066965
Turkey,2000,0.0961008848
Turkey,2001,0.09844546385
Turkey,2002,0.133165019
Turkey,2003,0.134607191525
Turkey,2004,0.134715757925
Turkey,2005,0.13356071452499998
Turkey,2006,0.130273054075
Turkey,2007,0.138339531025
Turkey,2008,0.097587493675
Turkey,2009,0.14312603605
Turkey,2010,0.1801425394
Turkey,2011,0.141539300425
Turkey,2012,0.1464787049
Turkey,2013,0.148560090725
Turkey,2014,0.21976966675
Turkey,2015,0.27689687375
Turkey,2016,0.46260140675
Turkey,2017,0.345157523
Turkey,2018,0.24016583824999999
Turkey,2019,0.207057439325
Malta,1991,0.1771650403
Malta,1992,0.193046742425
Malta,1993,0.20735647025
Malta,1994,0.222541337325
Malta,1995,0.2347844971
Malta,1996,0.248537530325
Malta,1997,0.2599503592
Malta,1998,0.273414038025
Malta,1999,0.285329211
Malta,2000,0.26996052825
Malta,2001,0.253684104375
Malta,2002,0.2359531532
Malta,2003,0.219508251275
Malta,2004,0.2027337004
Malta,2005,0.1862462088
Malta,2006,0.1680741423
Malta,2007,0.31708563975
Malta,2008,0.51221516375
Malta,2009,0.4796311735
Malta,2010,0.49201378875
Malta,2011,0.50621359925
Malta,2012,0.518183359
Malta,2013,0.553282562
Malta,2014,0.58809474425
Malta,2015,0.624489004
Malta,2016,0.645429291
Malta,2017,0.66773371825
Malta,2018,0.6921708915
Malta,2019,0.71730564525
South Korea,1982,0.21040965615
South Korea,1983,0.206001341375
South Korea,1984,0.1989446849
South Korea,1985,0.19158697825
South Korea,1986,0.183648891975
South Korea,1987,0.17592377215
South Korea,1988,0.165868664925
South Korea,1989,0.156528122
South Korea,1990,0.14608716275
South Korea,1991,0.158829884225
South Korea,1992,0.170334629325
South Korea,1993,0.181775448025
South Korea,1994,0.191686047
South Korea,1995,0.20120953755
South Korea,1996,0.209233610725
South Korea,1997,0.2298684321
South Korea,1998,0.24933157549999999
South Korea,1999,0.26817704385
South Korea,2000,0.286495713125
South Korea,2001,0.3037215515
South Korea,2002,0.29798936525
South Korea,2003,0.2931547715
South Korea,2004,0.28379742
South Korea,2005,0.32341166225
South Korea,2006,0.290282956
South Korea,2007,0.25963334375
South Korea,2008,0.26592029925
South Korea,2009,0.32258605975
South Korea,2010,0.3797769985
South Korea,2011,0.34822367125
South Korea,2012,0.31661883325
South Korea,2013,0.415281425
South Korea,2014,0.39924984675
South Korea,2015,0.39273231775
South Korea,2016,0.40756346025
South Korea,2017,0.409802061
South Korea,2018,0.4097416895
South Korea,2019,0.45341438875
Jamaica,2006,0.0835158449
Jamaica,2007,0.063890235675
Jamaica,2008,0.047250655625
Jamaica,2009,0.061951376925
Jamaica,2010,0.07828250175
Jamaica,2011,0.101862811525
Jamaica,2012,0.126428476525
Jamaica,2013,0.1034044921
Jamaica,2014,0.081797885325
Jamaica,2015,0.08588388735000001
Jamaica,2016,0.088075482775
Jamaica,2017,0.088033303275
Jamaica,2018,0.076870976775
Jamaica,2019,0.0652761573
Jamaica,2020,0.0693341234
Jamaica,2021,0.0721084687
Jamaica,2022,0.0736731289
Jamaica,2023,0.07342853905
Ukraine,1991,0.074828946325
Ukraine,1992,0.081828325025
Ukraine,1993,0.088336365675
Ukraine,1994,0.094365095875
Ukraine,1995,0.099100995925
Ukraine,1996,0.10313419135
Ukraine,1997,0.1095945627
Ukraine,1998,0.11409932695
Ukraine,1999,0.11077073385
Ukraine,2000,0.123258799625
Ukraine,2001,0.135132179825
Ukraine,2002,0.1452880523
Ukraine,2003,0.1603950264
Ukraine,2004,0.173857984775
Ukraine,2005,0.1859932068
Ukraine,2006,0.159318621525
Ukraine,2007,0.154614446
Ukraine,2008,0.099549609175
Ukraine,2009,0.1402285892
Ukraine,2010,0.122071290575
Ukraine,2011,0.165342277175
Ukraine,2012,0.128429194625
Ukraine,2013,0.0954579436
Ukraine,2014,0.113489610125
Ukraine,2015,0.131406435125
Ukraine,2016,0.173779768725
Ukraine,2017,0.176208011375
Ukraine,2018,0.175271167025
Ukraine,2019,0.17162930345
Ukraine,2020,0.17560822925
South Africa,1982,0.1435773744
South Africa,1983,0.1406106158
South Africa,1984,0.137478174125
South Africa,1985,0.1331538929
South Africa,1986,0.1283267442
South Africa,1987,0.12222666775
South Africa,1988,0.115911975375
South Africa,1989,0.108696914575
South Africa,1990,0.10099215905
South Africa,1991,0.1161913056
South Africa,1992,0.13273951965
South Africa,1993,0.148773615275
South Africa,1994,0.16503523135
South Africa,1995,0.180525723475
South Africa,1996,0.19614684875
South Africa,1997,0.2138203753
South Africa,1998,0.230300020375
South Africa,1999,0.245107039725
South Africa,2000,0.258677404525
South Africa,2001,0.2711561295
South Africa,2002,0.2946170105
South Africa,2003,0.2862280845
South Africa,2004,0.276956893725
South Africa,2005,0.266367480425
South Africa,2006,0.25259441725
South Africa,2007,0.2421754775
South Africa,2008,0.173641193675
South Africa,2009,0.171361206675
South Africa,2010,0.215731801775
South Africa,2011,0.263494567
South Africa,2012,0.31758099325
South Africa,2013,0.38212048
South Africa,2014,0.4163272475
South Africa,2015,0.4056765185
South Africa,2016,0.39257325975
South Africa,2017,0.3783647125
South Africa,2018,0.362196565
South Africa,2019,0.47712102225
Iceland,1984,0.36170141825
Iceland,1985,0.41129010025
Iceland,1986,0.4588696355
Iceland,1987,0.505718681
Iceland,1988,0.55147309275
Iceland,1989,0.59737776075
Iceland,1990,0.645400032
Iceland,1991,0.66776927275
Iceland,1992,0.690984161
Iceland,1993,0.71359074775
Iceland,1994,0.73541819975
Iceland,1995,0.75684448625
Iceland,1996,0.777616226
Iceland,1997,0.7986219205
Iceland,1998,0.81919223025
Iceland,1999,0.83911254425
Iceland,2000,0.84013926775
Iceland,2001,0.8423857815
Iceland,2002,0.84632954025
Iceland,2003,0.8513700855
Iceland,2004,0.85729081675
Iceland,2005,0.8651531615
Iceland,2006,0.8936929785
Iceland,2007,0.918180262
Iceland,2008,0.93348256475
Iceland,2009,0.94774138
Iceland,2010,0.93900785425
Iceland,2011,0.9305277715
Iceland,2012,0.92282491475
Iceland,2013,0.9118142935
Iceland,2014,0.918337003
Iceland,2015,0.926439098
Iceland,2016,0.93453204575
Iceland,2017,0.94348114325
Iceland,2018,0.90485662025
Iceland,2019,0.9264729655
Iceland,2020,0.94456873275
Iceland,2021,0.95959644775
Serbia,1996,0.128436520275
Serbia,1997,0.133739988
Serbia,1998,0.13723531415
Serbia,1999,0.13920822445
Serbia,2000,0.13952674315
Serbia,2001,0.13782776575
Serbia,2002,0.1561412534
Serbia,2003,0.172453777375
Serbia,2004,0.1863606275
Serbia,2005,0.251915341375
Serbia,2006,0.32621404125
Serbia,2007,0.19725206575
Serbia,2008,0.1077770589
Serbia,2009,0.14056102525
Serbia,2010,0.1778044804
Serbia,2011,0.18739885205
Serbia,2012,0.19418208215
Serbia,2013,0.199397470925
Serbia,2014,0.20521695135
Serbia,2015,0.208060639525
Serbia,2016,0.221085067
Serbia,2017,0.24946699825
Serbia,2018,0.1322807129
India,1990,0.0476821183775
India,1991,0.0661730046225
India,1992,0.090332722075
India,1993,0.120329215475
India,1994,0.1583509215
India,1995,0.202285665025
India,1996,0.2321696439
India,1997,0.26320384305
India,1998,0.294567799675
India,1999,0.3260645675
India,2000,0.35760392425
India,2001,0.39299684775
India,2002,0.34933028025
India,2003,0.308516941175
India,2004,0.267366941225
India,2005,0.22809884055
India,2006,0.424661026
India,2007,0.31180325025
India,2008,0.35271313275
India,2009,0.3594116215
India,2010,0.36324528775
India,2011,0.366882698
India,2012,0.252431253
India,2013,0.4318266585
India,2014,0.45515013325
India,2015,0.47659734875
India,2016,0.5295504545
India,2017,0.58060656325
India,2018,0.63104185875
India,2019,0.681032177
Philippines,1991,0.2061259541
Philippines,1992,0.210332626325
Philippines,1993,0.21092061465
Philippines,1994,0.209121142875
Philippines,1995,0.27252034625
Philippines,1996,0.342413027
Philippines,1997,0.27826476225
Philippines,1998,0.21705085825
Philippines,1999,0.262635328
Philippines,2000,0.31060066675
Philippines,2001,0.35871344275
Philippines,2002,0.338971868
Philippines,2003,0.322593277
Philippines,2004,0.30278759375000003
Philippines,2005,0.30396397625
Philippines,2006,0.30249967275
Philippines,2007,0.29623807475
Philippines,2008,0.3315193695
Philippines,2009,0.36605272974999997
Philippines,2010,0.39726540775
Philippines,2011,0.4305277025
Philippines,2012,0.46575338875
Philippines,2013,0.418258894
Philippines,2014,0.37638699975
Philippines,2015,0.33740603975
Philippines,2016,0.298082431375
Philippines,2017,0.25909735525
Philippines,2018,0.2216805445
Philippines,2019,0.42154647475
Haiti,2006,0.25379406695
Haiti,2007,0.294002971125
Haiti,2008,0.332109687
Haiti,2009,0.28554854925
Haiti,2010,0.2382724945
Haiti,2011,0.2518038773
Haiti,2012,0.25941013575
Haiti,2013,0.25873279745
Haiti,2014,0.25462302975
Haiti,2015,0.25846938325
Haiti,2016,0.25994440425
Haiti,2017,0.142974296525
Montenegro,1996,0.124051909325
Montenegro,1997,0.122598971175
Montenegro,1998,0.120408724975
Montenegro,1999,0.116572316675
Montenegro,2000,0.1122149708
Montenegro,2001,0.1053326609
Montenegro,2002,0.12438748565
Montenegro,2003,0.142213003775
Montenegro,2004,0.159582309
Montenegro,2005,0.15367712065
Montenegro,2006,0.14638993925
Montenegro,2007,0.138186754875
Montenegro,2008,0.128120575375
Montenegro,2009,0.149787186575
Montenegro,2010,0.16923565635
Montenegro,2011,0.188489581
Montenegro,2012,0.2095805065
Montenegro,2013,0.228578582925
Montenegro,2014,0.247345463575
Montenegro,2015,0.266728204125
Montenegro,2016,0.28532834525
Montenegro,2017,0.231663799575
Montenegro,2018,0.1824398237
Montenegro,2019,0.139540909175
Montenegro,2020,0.150194802875
Montenegro,2021,0.157530760925
Montenegro,2022,0.162387381975
Belize,2008,0.257506111
Belize,2009,0.23523389675
Belize,2010,0.21127689325
Belize,2011,0.197979035525
Belize,2012,0.1800387658
Belize,2013,0.143171725125
Belize,2014,0.109933569275
Belize,2015,0.132156607675
Belize,2016,0.15527741215
Belize,2017,0.180102937875
Belize,2018,0.20716842625
Belize,2019,0.23565327754999998
Belize,2020,0.2656457295
Belize,2021,0.295665041675
Belize,2022,0.330083494
Belize,2023,0.36554706275
North Macedonia,1998,0.11811692875
North Macedonia,1999,0.13274953275
North Macedonia,2000,0.145943419225
North Macedonia,2001,0.1578612811
North Macedonia,2002,0.161211443725
North Macedonia,2003,0.162586423975
North Macedonia,2004,0.16085785275
North Macedonia,2005,0.1558108998
North Macedonia,2006,0.147381437375
North Macedonia,2007,0.1376147008
North Macedonia,2008,0.1264287867
North Macedonia,2009,0.1163172958
North Macedonia,2010,0.078021114625
North Macedonia,2011,0.0854758547
North Macedonia,2012,0.0933244973
North Macedonia,2013,0.10107331925
North Macedonia,2014,0.10688551845
North Macedonia,2015,0.11260358245
North Macedonia,2016,0.1169575649
North Macedonia,2017,0.10442035415
North Macedonia,2018,0.0917545119
North Macedonia,2019,0.079062905625
North Macedonia,2020,0.073409013225
North Macedonia,2021,0.066381656575
North Macedonia,2022,0.058696044225
Indonesia,2001,0.113091290225
Indonesia,2002,0.139934104325
Indonesia,2003,0.1673999508
Indonesia,2004,0.19577564075
Indonesia,2005,0.1596445028
Indonesia,2006,0.12463369685
Indonesia,2007,0.141021866375
Indonesia,2008,0.116127880075
Indonesia,2009,0.11381535667499999
Indonesia,2010,0.10906371725
Indonesia,2011,0.10318204505
Indonesia,2012,0.095199389825
Indonesia,2013,0.086402604075
Indonesia,2014,0.1003988024
Indonesia,2015,0.102203368075
Indonesia,2016,0.10278302715
Indonesia,2017,0.101361607575
Indonesia,2018,0.0986519816
Indonesia,2019,0.09709972625
Indonesia,2020,0.069542247975
Indonesia,2021,0.04778704657
Indonesia,2022,0.0320700093525
Belarus,1990,0.0426023422175
Belarus,1991,0.05109261766
Belarus,1992,0.0600299301875
Belarus,1993,0.06955534615
Belarus,1994,0.07915905045
Belarus,1995,0.0892762194
Belarus,1996,0.099269123925
Belarus,1997,0.117729688125
Belarus,1998,0.1357192257
Belarus,1999,0.133606822725
Belarus,2000,0.12798006995
Belarus,2001,0.13450963445
Belarus,2002,0.1404138705
Belarus,2003,0.1457837521
Belarus,2004,0.150282809475
Belarus,2005,0.1528318032
Belarus,2006,0.154682503925
Belarus,2007,0.15632216645
Belarus,2008,0.156140961675
Belarus,2009,0.1385809199
Belarus,2010,0.1198006989
Belarus,2011,0.132395346325
Belarus,2012,0.125116145575
Belarus,2013,0.11642125435
Belarus,2014,0.1064598261
Belarus,2015,0.0955022743
Belarus,2016,0.112974011575
Belarus,2017,0.094760501425
Belarus,2018,0.07701995675000001
Trinidad & Tobago,2006,0.21755167165
Trinidad & Tobago,2007,0.220240896
Trinidad & Tobago,2008,0.220858894275
Trinidad & Tobago,2009,0.21760294555
Trinidad & Tobago,2010,0.21369231025
Trinidad & Tobago,2011,0.252054806
Trinidad & Tobago,2012,0.2913153495
Trinidad & Tobago,2013,0.238137840925
Trinidad & Tobago,2014,0.187811446825
Trinidad & Tobago,2015,0.2047085052
Trinidad & Tobago,2016,0.221467313175
Trinidad & Tobago,2017,0.237054824975
Trinidad & Tobago,2018,0.2525310376
Trinidad & Tobago,2019,0.266664370925
Trinidad & Tobago,2020,0.281785657425
Trinidad & Tobago,2021,0.296707868325
Trinidad & Tobago,2022,0.30980242275
Trinidad & Tobago,2023,0.323016384
New Zealand,1991,0.27061764675
New Zealand,1992,0.304812655
New Zealand,1993,0.33721496775
New Zealand,1994,0.36334091
New Zealand,1995,0.41627509175
New Zealand,1996,0.46998564375
New Zealand,1997,0.45079168975
New Zealand,1998,0.42671353275
New Zealand,1999,0.4442888725
New Zealand,2000,0.460855596
New Zealand,2001,0.47607258425
New Zealand,2002,0.491353856
New Zealand,2003,0.50596598775
New Zealand,2004,0.52334940925
New Zealand,2005,0.5113277465
New Zealand,2006,0.5345337895
New Zealand,2007,0.557869336
New Zealand,2008,0.58090339775
New Zealand,2009,0.58541821725
New Zealand,2010,0.590130831
New Zealand,2011,0.59735938225
New Zealand,2012,0.6205317015
New Zealand,2013,0.64232959775
New Zealand,2014,0.66611209975
New Zealand,2015,0.68929491525
New Zealand,2016,0.7114475385
New Zealand,2017,0.7356091655
New Zealand,2018,0.76102434925
New Zealand,2019,0.7746313025
New Zealand,2020,0.79109996725
Israel,1991,0.2945572104
Israel,1992,0.2970674304
Israel,1993,0.297412474675
Israel,1994,0.295792590675
Israel,1995,0.300950519575
Israel,1996,0.304543066625
Israel,1997,0.3051348454
Israel,1998,0.3041396445
Israel,1999,0.3470677975
Israel,2000,0.38952266125
Israel,2001,0.43268638575
Israel,2002,0.4482822385
Israel,2003,0.43979918325
Israel,2004,0.43046410425
Israel,2005,0.420159168
Israel,2006,0.4105907
Israel,2007,0.397619199
Israel,2008,0.41680498425
Israel,2009,0.3616734125
Israel,2010,0.41135219725
Israel,2011,0.4590903925
Israel,2012,0.4936352105
Israel,2013,0.46908094
Israel,2014,0.5169201545
Israel,2015,0.5637142145
Israel,2016,0.591568524
Israel,2017,0.519273352
Israel,2018,0.44729843825
Israel,2019,0.45971437225
Guyana,2006,0.083182246625
Guyana,2007,0.084989457875
Guyana,2008,0.084665846
Guyana,2009,0.08266682285
Guyana,2010,0.061921747
Guyana,2011,0.07432430195
Guyana,2012,0.085291861525
Guyana,2013,0.078230001
Guyana,2014,0.0693546465
Guyana,2015,0.081319590075
Guyana,2016,0.091176647025
Nigeria,1990,0.1362594891
Nigeria,1991,0.12625249645
Nigeria,1992,0.116341435325
Nigeria,1993,0.105711554825
Nigeria,1994,0.0949994132
Nigeria,1995,0.08317776295
Nigeria,1996,0.0911078698
Nigeria,1997,0.0975440888
Nigeria,1998,0.103766153825
Nigeria,1999,0.108271787225
Nigeria,2000,0.11247972739999999
Nigeria,2001,0.117988785
Nigeria,2002,0.12251199265
Nigeria,2003,0.120988991925
Nigeria,2004,0.11913075295
Nigeria,2005,0.11529310645
Nigeria,2006,0.111304615225
Nigeria,2007,0.10590047005
Nigeria,2008,0.103484301125
Nigeria,2009,0.10037492095
Nigeria,2010,0.124255696675
Nigeria,2011,0.149755762975
Nigeria,2012,0.17825739335
Nigeria,2013,0.124065693275
Nigeria,2014,0.104939120325
Nigeria,2015,0.0911474166
Nigeria,2016,0.077637459275
Nigeria,2017,0.0645767228
Nigeria,2018,0.0522312848
Nigeria,2019,0.0599528735
Georgia,1996,0.05320706755
Georgia,1997,0.0519837592275
Georgia,1998,0.0501244869425
Georgia,1999,0.04758343082
Georgia,2000,0.0452913870375
Georgia,2001,0.04242185767
Georgia,2002,0.0398963170875
Georgia,2003,0.0370725519125
Georgia,2004,0.0342138461725
Georgia,2005,0.03153267036
Georgia,2006,0.028658883595
Georgia,2007,0.0259542621575
Georgia,2008,0.023169933085
Georgia,2009,0.0212913184025
Georgia,2010,0.0273131747675
Georgia,2011,0.026339280265
Georgia,2012,0.0299333801625
Georgia,2013,0.0330516718725
Georgia,2014,0.035479528705
Georgia,2015,0.06654389615
Georgia,2016,0.0930102698
Georgia,2017,0.0757958889
Georgia,2018,0.059614416175
Georgia,2019,0.083003748725
Georgia,2020,0.112024312025
Armenia,1997,0.071378236625
Armenia,1998,0.07778777001250001
Armenia,1999,0.08455699779
Armenia,2000,0.0905275299
Armenia,2001,0.0966960701775
Armenia,2002,0.1019996148625
Armenia,2003,0.10707763346
Armenia,2004,0.11329763185
Armenia,2005,0.11774551505
Armenia,2006,0.121510299275
Armenia,2007,0.1251220454
Armenia,2008,0.127907708275
Armenia,2009,0.1027099844
Armenia,2010,0.0795159788
Armenia,2011,0.039825148402499996
Armenia,2012,0.037681593549999996
Armenia,2013,0.034912616255
Armenia,2014,0.03183412736
Armenia,2015,0.0286679490525
Armenia,2016,0.03216047012
Armenia,2017,0.03455638047
Armenia,2018,0.0362874011525
Armenia,2019,0.031053344795
Armenia,2020,0.0263080487175
Armenia,2021,0.02162600201
Albania,1998,0.1398887464
Albania,1999,0.128010713075
Albania,2000,0.115007092625
Albania,2001,0.10106579795
Albania,2002,0.086853792075
Albania,2003,0.129960714125
Albania,2004,0.1866481255
Albania,2005,0.18612020085
Albania,2006,0.18343022412499999
Albania,2007,0.179092296925
Albania,2008,0.172297972525
Albania,2009,0.165358597475
Albania,2010,0.1548075404
Albania,2011,0.1627188526
Albania,2012,0.167669501
Albania,2013,0.184087469325
Albania,2014,0.199312249275
Albania,2015,0.2137151058
Albania,2016,0.2268502862
Albania,2017,0.11674676035
Albania,2018,0.0545212145
Malaysia,2004,0.0611157768
Malaysia,2005,0.1091691779
Malaysia,2006,0.18133420175
Malaysia,2007,0.0821106512
Malaysia,2008,0.094038802525
Malaysia,2009,0.10605410175
Malaysia,2010,0.11757666530000001
Malaysia,2011,0.128375290275
Malaysia,2012,0.13842392635
Malaysia,2013,0.13455992495
Malaysia,2014,0.1496052173
Malaysia,2015,0.16495973285
Malaysia,2016,0.179608537875
Malaysia,2017,0.193567578675
Malaysia,2018,0.206403965
Malaysia,2019,0.162355117325
Malaysia,2020,0.12590684665
Malaysia,2021,0.096030198425
Malaysia,2022,0.07054279625
Taiwan,1998,0.2099755356
Taiwan,1999,0.235506176175
Taiwan,2000,0.260959854725
Taiwan,2001,0.28523561195
Taiwan,2002,0.30999768715
Taiwan,2003,0.3357052689
Taiwan,2004,0.36014277125
Taiwan,2005,0.38655187775
Taiwan,2006,0.41363993825
Taiwan,2007,0.3959857675
Taiwan,2008,0.37571007325
Taiwan,2009,0.3548817775
Taiwan,2010,0.41719809725
Taiwan,2011,0.47825335
Taiwan,2012,0.5401981485
Taiwan,2013,0.5499158305
Taiwan,2014,0.56175559275
Taiwan,2015,0.573659971
Taiwan,2016,0.52047114325
Taiwan,2017,0.4677901205
Taiwan,2018,0.4138499105
Taiwan,2019,0.4553662095
Singapore,2002,0.28723039025
Singapore,2003,0.27954342975
Singapore,2004,0.26513873175
Singapore,2005,0.26765159575
Singapore,2006,0.2648317715
Singapore,2007,0.293726922
Singapore,2008,0.321844568
Singapore,2009,0.348769124
Singapore,2010,0.375324939
Singapore,2011,0.40210443975
Singapore,2012,0.430588936
Singapore,2013,0.40795343175
Singapore,2014,0.38601000975
Singapore,2015,0.36472921075
Singapore,2016,0.3402757685
Singapore,2017,0.31635703075
Singapore,2018,0.291319791
Singapore,2019,0.344040729
Singapore,2020,0.3969879475
Singapore,2021,0.423508913
Singapore,2022,0.44917957525
Bosnia & Herzegovina,1998,0.1791837091
Bosnia & Herzegovina,1999,0.176482362
Bosnia & Herzegovina,2000,0.170565511425
Bosnia & Herzegovina,2001,0.161971433075
Bosnia & Herzegovina,2002,0.1641950956
Bosnia & Herzegovina,2003,0.166015218625
Bosnia & Herzegovina,2004,0.165223674
Bosnia & Herzegovina,2005,0.163764258975
Bosnia & Herzegovina,2006,0.160863018425
Bosnia & Herzegovina,2007,0.1564482247
Bosnia & Herzegovina,2008,0.150612136075
Bosnia & Herzegovina,2009,0.16610870435
Bosnia & Herzegovina,2010,0.179566876675
Bosnia & Herzegovina,2011,0.180020587975
Bosnia & Herzegovina,2012,0.17891934155
Bosnia & Herzegovina,2013,0.176164716075
Bosnia & Herzegovina,2014,0.172785757425
Bosnia & Herzegovina,2015,0.166937278325
Bosnia & Herzegovina,2016,0.2050131981
Bosnia & Herzegovina,2017,0.17917347335
Bosnia & Herzegovina,2018,0.153064733225
Bosnia & Herzegovina,2019,0.12846137005
Suriname,2010,0.19793694235
Suriname,2011,0.181472101
Suriname,2012,0.1619531182
Suriname,2013,0.14240165455
Suriname,2014,0.1210315754
Suriname,2015,0.133225166475
Suriname,2016,0.1453848616
Suriname,2017,0.157017662375
Suriname,2018,0.166605001125
Suriname,2019,0.17558706105
Suriname,2020,0.18460921355
Suriname,2021,0.191269235175
Suriname,2022,0.196304223625
Suriname,2023,0.19901631125
Moldova,1996,0.1486385305
Moldova,1997,0.1663222349
Moldova,1998,0.18383211425
Moldova,1999,0.2004028443
Moldova,2000,0.218000967225
Moldova,2001,0.234350450225
Moldova,2002,0.182748219075
Moldova,2003,0.19151107775
Moldova,2004,0.1974063105
Moldova,2005,0.200836503825
Moldova,2006,0.20262108155
Moldova,2007,0.171578009975
Moldova,2008,0.140306010425
Moldova,2009,0.13611739925
Moldova,2010,0.129648143125
Moldova,2011,0.127008886025
Moldova,2012,0.123772156475
Moldova,2013,0.118137529625
Moldova,2014,0.112448639275
Moldova,2015,0.1056611995
Moldova,2016,0.1198733095
Northern Ireland,1981,0.2174517632
Northern Ireland,1982,0.226178425725
Northern Ireland,1983,0.23233633535
Northern Ireland,1984,0.23918010242499999
Northern Ireland,1985,0.243105337525
Northern Ireland,1986,0.247062071975
Northern Ireland,1987,0.24990583135
Northern Ireland,1988,0.253330240625
Northern Ireland,1989,0.25412211945
Northern Ireland,1990,0.25469599025
Northern Ireland,1991,0.206291648475
Northern Ireland,1992,0.201300018075
Northern Ireland,1993,0.194301586275
Northern Ireland,1994,0.1840686033
Northern Ireland,1995,0.206975904775
Northern Ireland,1996,0.2283461548
Northern Ireland,1997,0.25060814565
Northern Ireland,1998,0.27227924875
Northern Ireland,1999,0.4184120195
Northern Ireland,2000,0.43317366075
Northern Ireland,2001,0.446416575
Northern Ireland,2002,0.45639676775
Northern Ireland,2003,0.46753331325
Northern Ireland,2004,0.48038643275
Northern Ireland,2005,0.494375092
Northern Ireland,2006,0.5051277897500001
Northern Ireland,2007,0.5178020815
Northern Ireland,2008,0.52997754425
Thailand,2004,0.3032253175
Thailand,2005,0.35545371275
Thailand,2006,0.40631310925
Thailand,2007,0.4603453665
Thailand,2008,0.45653209075
Thailand,2009,0.45442323925
Thailand,2010,0.4516236366
Thailand,2011,0.45018035925
Thailand,2012,0.4477767945
Thailand,2013,0.44398670475
Thailand,2014,0.47420906425
Thailand,2015,0.5033658275
Thailand,2016,0.532041115
Thailand,2017,0.56284103975
Thailand,2018,0.59330949925
Thailand,2019,0.63788016075
Thailand,2020,0.6492934025
Thailand,2021,0.66230850175
Thailand,2022,0.6784650445
Jordan,2001,0.025374647475
Jordan,2002,0.03797230496
Jordan,2003,0.03899131461
Jordan,2004,0.0402601410775
Jordan,2005,0.041260552945
Jordan,2006,0.0414458773725
Jordan,2007,0.0416343078925
Jordan,2008,0.051193926635
Jordan,2009,0.0614336795975
Jordan,2010,0.07272004854
Jordan,2011,0.084806830575
Jordan,2012,0.09192777005
Jordan,2013,0.097175283475
Jordan,2014,0.1946139274
Jordan,2015,0.170197248375
Jordan,2016,0.147652413825
Jordan,2017,0.12567991375
Jordan,2018,0.10520453565
Kyrgyzstan,2003,0.1408273594
Kyrgyzstan,2004,0.17118717215
Kyrgyzstan,2005,0.201661161325
Kyrgyzstan,2006,0.181549582475
Kyrgyzstan,2007,0.162194472225
Kyrgyzstan,2008,0.143754037975
Kyrgyzstan,2009,0.1243387593
Kyrgyzstan,2010,0.105418984275
Kyrgyzstan,2011,0.139963329625
Kyrgyzstan,2012,0.181794361275
Kyrgyzstan,2013,0.228096676725
Kyrgyzstan,2014,0.281194852475
Kyrgyzstan,2015,0.33944479525
Kyrgyzstan,2016,0.40242955275
Kyrgyzstan,2017,0.2971047993
Kyrgyzstan,2018,0.209758435225
Kyrgyzstan,2019,0.14020704055
Kyrgyzstan,2020,0.089341792475
Hong Kong SAR China,2005,0.4491535325
Hong Kong SAR China,2006,0.4916948515
Hong Kong SAR China,2007,0.4969625215
Hong Kong SAR China,2008,0.5016373375
Hong Kong SAR China,2009,0.50766356075
Hong Kong SAR China,2010,0.51250538
Hong Kong SAR China,2011,0.51848095175
Hong Kong SAR China,2012,0.52414813075
Hong Kong SAR China,2013,0.529131134
Hong Kong SAR China,2014,0.53685126875
Hong Kong SAR China,2015,0.55746337925
Hong Kong SAR China,2016,0.5760877105
Hong Kong SAR China,2017,0.59579564025
Hong Kong SAR China,2018,0.6167156565
Pakistan,2001,0.1335431223
Pakistan,2002,0.168435565775
Pakistan,2003,0.208595253025
Pakistan,2004,0.253954225325
Pakistan,2005,0.3049028646
Pakistan,2006,0.299319292975
Pakistan,2007,0.294243883825
Pakistan,2008,0.288195540925
Pakistan,2009,0.28122081255
Pakistan,2010,0.2707179739
Pakistan,2011,0.260181522
Pakistan,2012,0.26452127595
Pakistan,2013,0.129424550725
Pakistan,2014,0.1738003007
Pakistan,2015,0.2245025545
Pakistan,2016,0.284022892425
Pakistan,2017,0.3505467855
Pakistan,2018,0.42332392925
Kazakhstan,2005,0.170850307175
Kazakhstan,2006,0.174561720325
Kazakhstan,2007,0.17621224035
Kazakhstan,2008,0.176916976375
Kazakhstan,2009,0.175048908425
Kazakhstan,2010,0.17133220435
Kazakhstan,2011,0.170838984425
Kazakhstan,2012,0.1624556083
Kazakhstan,2013,0.153547155975
Kazakhstan,2014,0.142411257175
Kazakhstan,2015,0.12917383535
Kazakhstan,2016,0.142637395425
Kazakhstan,2017,0.1589934774
Kazakhstan,2018,0.173595182875
Puerto Rico,1995,0.42857120025
Puerto Rico,1996,0.44592444475
Puerto Rico,1997,0.4628606645
Puerto Rico,1998,0.479666172
Puerto Rico,1999,0.4963715025
Puerto Rico,2000,0.513749631
Puerto Rico,2001,0.53284069825
Puerto Rico,2002,0.514250048
Puerto Rico,2003,0.497853626
Puerto Rico,2004,0.4817798265
Puerto Rico,2005,0.466116241325
Puerto Rico,2006,0.450123467325
Puerto Rico,2007,0.434647839675
Puerto Rico,2008,0.418757188125
Puerto Rico,2009,0.403264911
Puerto Rico,2010,0.38742288975
Puerto Rico,2011,0.369804204125
Puerto Rico,2012,0.352910143525
Puerto Rico,2013,0.33458735825
Puerto Rico,2014,0.31552958600000003
Puerto Rico,2015,0.44312099725
Puerto Rico,2016,0.572314821
Puerto Rico,2017,0.6944437735
Puerto Rico,2018,0.79763512575
Kenya,2002,0.042282209280000004
Kenya,2003,0.0459283882925
Kenya,2004,0.049519094195
Kenya,2005,0.05279657724
Kenya,2006,0.0547126703575
Kenya,2007,0.0569433254575
Kenya,2008,0.065177040285
Kenya,2009,0.05347068379
Kenya,2010,0.0576347164075
Kenya,2011,0.06134818499
Kenya,2012,0.0751814983475
Kenya,2013,0.089587724125
Kenya,2014,0.083570690425
Kenya,2015,0.079875761775
Kenya,2016,0.07536515975000001
Kenya,2017,0.0703833646
Kenya,2018,0.0649592782
Kenya,2019,0.099749750825
Kenya,2020,0.119178202825
Kenya,2021,0.13811054045
Ghana,2002,0.057265794855
Ghana,2003,0.05794499939
Ghana,2004,0.057914807115
Ghana,2005,0.05728758473
Ghana,2006,0.0559818074975
Ghana,2007,0.0541293062425
Ghana,2008,0.052010161985
Ghana,2009,0.049146932265
Ghana,2010,0.046021776105
Ghana,2011,0.042599595865
Ghana,2012,0.038610099155
Ghana,2013,0.038460299105
Ghana,2014,0.04547951879
Ghana,2015,0.0435377009575
Ghana,2016,0.0418576465825
Ghana,2017,0.0395449871475
Ghana,2018,0.036918220975
Vietnam,2001,0.24077065925
Vietnam,2002,0.256663988625
Vietnam,2003,0.2718115984
Vietnam,2004,0.282648916425
Vietnam,2005,0.292181190125
Vietnam,2006,0.30224197975
Vietnam,2007,0.31915738725
Vietnam,2008,0.3355507309
Vietnam,2009,0.34946108415
Vietnam,2010,0.36471558265
Vietnam,2011,0.378151180825
Vietnam,2012,0.392046097025
Vietnam,2013,0.405353140175
Vietnam,2014,0.4181457359
Vietnam,2015,0.4318022845
Vietnam,2016,0.445311553
Vietnam,2017,0.4600727145
Vietnam,2018,0.4731262965
Vietnam,2019,0.57959821475
Vietnam,2020,0.6787123775
Zimbabwe,2001,0.076484825025
Zimbabwe,2002,0.08015742907
Zimbabwe,2003,0.08383703115
Zimbabwe,2004,0.0863776482
Zimbabwe,2005,0.089197649005
Zimbabwe,2006,0.0901883072025
Zimbabwe,2007,0.091104601335
Zimbabwe,2008,0.09153461994
Zimbabwe,2009,0.09130240603999999
Zimbabwe,2010,0.090314392725
Zimbabwe,2011,0.0887223464
Zimbabwe,2012,0.08722716315
Zimbabwe,2013,0.071994540125
Zimbabwe,2014,0.0577530803
Zimbabwe,2015,0.056688385325
Zimbabwe,2016,0.055229992635
Zimbabwe,2017,0.05293862594
Zimbabwe,2018,0.049969312440000004
Zimbabwe,2019,0.0464087500725
Zimbabwe,2020,0.0426963722375
Azerbaijan,1997,0.01924250165
Azerbaijan,1998,0.0199538060025
Azerbaijan,1999,0.0205985157225
Azerbaijan,2000,0.02133976028
Azerbaijan,2001,0.02167213017
Azerbaijan,2002,0.0219193117025
Azerbaijan,2003,0.0220642883625
Azerbaijan,2004,0.022022859095
Azerbaijan,2005,0.0219007755275
Azerbaijan,2006,0.0212912076275
Azerbaijan,2007,0.02065518271
Azerbaijan,2008,0.01993502038
Azerbaijan,2009,0.0192152608275
Azerbaijan,2010,0.018451563865
Azerbaijan,2011,0.0182884267525
Azerbaijan,2012,0.0259169969075
Azerbaijan,2013,0.036098474647500003
Azerbaijan,2014,0.0491447290225
Azerbaijan,2015,0.0654677567
Azerbaijan,2016,0.0863939358
Azerbaijan,2017,0.050949594725
Azerbaijan,2018,0.0288208021025
Kosovo,2004,0.070599971175
Kosovo,2005,0.07440862945
Kosovo,2006,0.076822187575
Kosovo,2007,0.0776780479
Kosovo,2008,0.0770939511
Kosovo,2009,0.073402325575
Kosovo,2010,0.06733495875
Kosovo,2011,0.06208571985
Kosovo,2012,0.056245161675
Kosovo,2013,0.049779143075
Kosovo,2014,0.0611370964
Kosovo,2015,0.073268045775
Kosovo,2016,0.086379495425
Tunisia,2013,0.0576645497
Tunisia,2014,0.072663790775
Tunisia,2015,0.088582386325
Tunisia,2016,0.097072898725
Tunisia,2017,0.10428604955
Tunisia,2018,0.109786874975
Tunisia,2019,0.11476794745
Lebanon,2002,0.21580880285
Lebanon,2003,0.216079020825
Lebanon,2004,0.216326948175
Lebanon,2005,0.21469878905
Lebanon,2006,0.21220483372500001
Lebanon,2007,0.20729321875
Lebanon,2008,0.21123598985
Lebanon,2009,0.213620347
Lebanon,2010,0.2137767474
Lebanon,2011,0.2123546366
Lebanon,2012,0.22375705005
Lebanon,2013,0.232784131
Lebanon,2014,0.231419518875
Lebanon,2015,0.2279526159
Lebanon,2016,0.222616017425
Lebanon,2017,0.216376491025
Lebanon,2018,0.20711436675
Lebanon,2019,0.21780329105
Myanmar (Burma),2004,0.0664734682075
Myanmar (Burma),2005,0.08434844575
Myanmar (Burma),2006,0.10441981525
Myanmar (Burma),2007,0.126863101975
Myanmar (Burma),2008,0.1305767134
Myanmar (Burma),2009,0.133447792275
Myanmar (Burma),2010,0.13469293915
Myanmar (Burma),2011,0.1357121872025
Myanmar (Burma),2012,0.1363429018
Myanmar (Burma),2013,0.136464391275
Myanmar (Burma),2014,0.136824129
Myanmar (Burma),2015,0.13576436655
Myanmar (Burma),2016,0.13409649335
Myanmar (Burma),2017,0.13125571422500001
Myanmar (Burma),2018,0.128719405725
Myanmar (Burma),2019,0.1247630521
Myanmar (Burma),2020,0.1209142437
Mongolia,2005,0.081440455425
Mongolia,2006,0.104339045575
Mongolia,2007,0.1308875687
Mongolia,2008,0.16219520845
Mongolia,2009,0.197324074675
Mongolia,2010,0.23754267315
Mongolia,2011,0.257395932425
Mongolia,2012,0.276545793175
Mongolia,2013,0.2942153723
Mongolia,2014,0.312768913525
Mongolia,2015,0.3296475061
Mongolia,2016,0.34662415225
Mongolia,2017,0.35067224025
Mongolia,2018,0.35030587275
Mongolia,2019,0.37054625925
Mongolia,2020,0.388864323
Iran,2000,0.3371038065
Iran,2001,0.21962094275
Iran,2002,0.13446856345
Iran,2003,0.0789668875775
Iran,2004,0.0443423458525
Iran,2005,0.02404965861
Iran,2006,0.012721260715
Iran,2007,0.00661480148325
Iran,2008,0.00785177238725
Iran,2009,0.00924477526975
Iran,2010,0.010784066191
Iran,2011,0.012580484146
Iran,2012,0.014702126707
Iran,2013,0.01711049837075
Iran,2014,0.01999171649775
Iran,2015,0.02307521825225
Iran,2016,0.026505944139500002
Iran,2017,0.03047221523825
Iran,2018,0.0342055584605
Iran,2019,0.0388703812405
Iran,2020,0.04395990536075
Ethiopia,2007,0.0214423212675
Ethiopia,2008,0.020126738501249998
Ethiopia,2009,0.018645295394
Ethiopia,2010,0.01853637132
Ethiopia,2011,0.0182753912665
Ethiopia,2012,0.0181111360075
Ethiopia,2013,0.01742274281825
Ethiopia,2014,0.017065596409
Ethiopia,2015,0.01637531388975
Ethiopia,2016,0.015637293087
Ethiopia,2017,0.0146456038765
Ethiopia,2018,0.01374920380475
Ethiopia,2019,0.01292688288925
Ethiopia,2020,0.01204785367575
Bangladesh,1996,0.046565915025
Bangladesh,1997,0.0405235098175
Bangladesh,1998,0.03516490306
Bangladesh,1999,0.030358805234
Bangladesh,2000,0.0256539328025
Bangladesh,2001,0.0214507905165
Bangladesh,2002,0.017728578005
Bangladesh,2003,0.0208443878325
Bangladesh,2004,0.024117063855
Bangladesh,2005,0.027615444645
Bangladesh,2006,0.031212650405
Bangladesh,2007,0.0350577425625
Bangladesh,2008,0.0402858787825
Bangladesh,2009,0.0456514408475
Bangladesh,2010,0.0510198607275
Bangladesh,2011,0.05707171164
Bangladesh,2012,0.063261375315
Bangladesh,2013,0.06962183759
Bangladesh,2014,0.0763673452675
Bangladesh,2015,0.08263841785
Bangladesh,2016,0.089183440675
Bangladesh,2017,0.0955286388
Bangladesh,2018,0.101837168575
Morocco,2001,0.05165253457
Morocco,2002,0.0544525269875
Morocco,2003,0.0572745147925
Morocco,2004,0.059125889965
Morocco,2005,0.0610506435025
Morocco,2006,0.06240128718
Morocco,2007,0.0633075585425
Morocco,2008,0.063562316225
Morocco,2009,0.0644870150325
Morocco,2010,0.06436363881
Morocco,2011,0.0635436236
Morocco,2012,0.080706750175
Morocco,2013,0.101255015
Morocco,2014,0.123540987775
Morocco,2015,0.14948875135
Morocco,2016,0.158972783725
Morocco,2017,0.16793786525
Morocco,2018,0.176398441525
Morocco,2019,0.18328400415
Morocco,2020,0.18936931345
Morocco,2021,0.194089994375
Uganda,2001,0.0389852514425
Uganda,2002,0.04067257193
Uganda,2003,0.0402784488925
Uganda,2004,0.039561047405
Uganda,2005,0.0384770021025
Uganda,2006,0.0371294464875
Uganda,2007,0.03586275769
Uganda,2008,0.043065693265
Uganda,2009,0.0505886928775
Uganda,2010,0.04357513458225
Uganda,2011,0.03747378401525
Uganda,2012,0.03162482048325
Uganda,2013,0.02645892155425
Uganda,2014,0.02471107143025
Uganda,2015,0.0225612403875
Algeria,2002,0.03490171428
Algeria,2003,0.041447165825
Algeria,2004,0.0481207542125
Algeria,2005,0.05593506659
Algeria,2006,0.0637577377675
Algeria,2007,0.072448743035
Algeria,2008,0.08171003727000001
Algeria,2009,0.09093285035
Algeria,2010,0.10171791790750001
Algeria,2011,0.11259193931
Algeria,2012,0.12435480455
Algeria,2013,0.13641712185
Algeria,2014,0.147656892875
Algeria,2015,0.132981816775
Algeria,2016,0.11865425495
Algeria,2017,0.104003682175
Algeria,2018,0.090479707
Uzbekistan,2002,0.1422097632
Uzbekistan,2003,0.150529383375
Uzbekistan,2004,0.158150583
Uzbekistan,2005,0.162723932175
Uzbekistan,2006,0.163403436775
Uzbekistan,2007,0.1620781457
Uzbekistan,2008,0.159012758175
Uzbekistan,2009,0.15418825705
Uzbekistan,2010,0.1477229736
Uzbekistan,2011,0.12279450055
Uzbekistan,2012,0.13259167015
Uzbekistan,2013,0.141772891225
Uzbekistan,2014,0.149496085575
Uzbekistan,2015,0.155580104825
Uzbekistan,2016,0.160116234225
Rwanda,2007,0.1437252916
Rwanda,2008,0.1535819726
Rwanda,2009,0.1620846415
Rwanda,2010,0.14269650245
Rwanda,2011,0.1240532247625
Rwanda,2012,0.105432889775
Cambodia,2004,0.09948099195
Cambodia,2005,0.105044602175
Cambodia,2006,0.10927949705000001
Cambodia,2007,0.11021360565
Cambodia,2008,0.126907277725
Cambodia,2009,0.143893176475
Cambodia,2010,0.16249768455
Cambodia,2011,0.18207768598
Cambodia,2012,0.202322521675
Cambodia,2013,0.223004766325
Cambodia,2014,0.2457538521
Cambodia,2015,0.268990435775
Cambodia,2016,0.293832595775
Cambodia,2017,0.31861887875
Cambodia,2018,0.34529840425
Cambodia,2019,0.38005908075
Cambodia,2020,0.41363015425
Cambodia,2021,0.44695502925
Cambodia,2022,0.480262585
Tanzania,2001,0.064479729525
Tanzania,2002,0.070495840175
Tanzania,2003,0.0758168391825
Tanzania,2004,0.080532565575
Tanzania,2005,0.085225503275
Tanzania,2006,0.088151093625
Tanzania,2007,0.09025253682500001
Tanzania,2008,0.151878181125
Tanzania,2009,0.11453826065
Tanzania,2010,0.112300161
Tanzania,2011,0.10970846435
Tanzania,2012,0.105620557475
Tanzania,2013,0.100621423325
Tanzania,2014,0.094227057525
Mali,2007,0.0625613641875
Mali,2008,0.0464383458525
Mali,2009,0.0335511196375
Mali,2010,0.031536562185
Mali,2011,0.0292895463
Mali,2012,0.02708535391
Mali,2013,0.024463902775
Mali,2014,0.022160059435
Palestinian Territories,2007,0.179653916475
Palestinian Territories,2008,0.168574297875
Palestinian Territories,2009,0.1566972904
Palestinian Territories,2010,0.144219704325
Palestinian Territories,2011,0.13046967535
Palestinian Territories,2012,0.123705685825
Palestinian Territories,2013,0.11577025925000001
Sri Lanka,2005,0.0351010319925
Sri Lanka,2006,0.04424506457
Sri Lanka,2007,0.0549230089275
Sri Lanka,2008,0.0666268399475
Sri Lanka,2009,0.06679434672
Sri Lanka,2010,0.0662406257275
Sri Lanka,2011,0.0660902367425
Sri Lanka,2012,0.066262032145
Sri Lanka,2013,0.0655060445275
Sri Lanka,2014,0.0642685627475
Sri Lanka,2015,0.062520628335
Sri Lanka,2016,0.0606042764425
Sri Lanka,2017,0.0582890638825
Sri Lanka,2018,0.0556393301075
Sri Lanka,2019,0.06121752432275
Sri Lanka,2020,0.0670252323335
Sri Lanka,2021,0.0721455961975
Sri Lanka,2022,0.0769555961765
Zambia,2007,0.12441091005
Zambia,2008,0.083022549875
Zambia,2009,0.053224909775
Zambia,2010,0.05257251725
Zambia,2011,0.0513013561475
Zambia,2012,0.0494589129125
Zambia,2013,0.047576215915
Zambia,2014,0.0451647831825
Egypt,2001,0.00588632688445
Egypt,2002,0.006520635766425
Egypt,2003,0.0072730603391
Egypt,2004,0.008074049223899999
Egypt,2005,0.008880000075775
Egypt,2006,0.00958375356785
Egypt,2007,0.010522927505699999
Egypt,2008,0.012345892911075
Egypt,2009,0.014218120246225
Egypt,2010,0.015940429037800002
Egypt,2011,0.017720445047599998
Egypt,2012,0.018439503131925
Egypt,2013,0.0188940941004
Egypt,2014,0.0208231186163
Egypt,2015,0.022805867580975
Egypt,2016,0.024834385577325
Egypt,2017,0.026671651804
Egypt,2018,0.028593113959625
Senegal,2007,0.075062136105
Senegal,2008,0.0691946350925
Senegal,2009,0.062614131245
Senegal,2010,0.0721463767375
Senegal,2011,0.08136120625
Senegal,2012,0.0906780709925
Senegal,2013,0.0988078359575
Senegal,2014,0.0568296821
Tajikistan,2005,0.26764686075
Tajikistan,2006,0.232332667425
Tajikistan,2007,0.20032555615
Tajikistan,2008,0.170360155725
Tajikistan,2009,0.144119801375
Tajikistan,2010,0.11955041599999999
Tajikistan,2011,0.13263342385
Tajikistan,2012,0.14434326815
Tajikistan,2013,0.15420512075
Tajikistan,2014,0.164886797375
Tajikistan,2015,0.1741939433
Tajikistan,2016,0.184165985675
